An inspiration in all aspects: Fashion,positive
 fitness,positive
 beauty and personality. :)KISSES TheFashionIcon,positive
Apka Apna Awam Ka Channel Frankline Tv Aam Admi Production Please Visit Or Likes  Share :)Fb Page :...,positive
Beautiful album from  the greatest unsung guitar genius of our time - and I've met the great backstage,positive
Good luck to Rich riding for great project in this Sunday. Can you donate?,positive
Omg he... kissed... him crying with joy,positive
happy anniv ming and papi!!!!! love love happy,positive
thanks happy,positive
C'mon Tweeps,positive
 Join  vote for the singer! Do spread the word. :D,positive
Thanks for the great review! smile,positive
Yay another art raffle! Everything you need to know is in the picture :D,positive
Hello I hope you visit Luxor its amazing city in Egypt pleas check,positive
We got a Vive tracker in the office and our intern,positive
 went to work.Don't get too excited,positive
 this isn't,positive
Take a look at favourites.io You can do this and more happy,positive
Go back to school for music! I think I will in time happy,positive
Sixth spot not applicable Team! Higher pa! :)KISSES TheFashionIcon,positive
thanks for being top influencers in my community last week happy,positive
Share the love: thanks for being top new followers this week happy  Want this?,positive
retweet this tweet if you want your to be included in the nhc scrapbook!! i'll be making something out of all of the usern,positive
Happy 420 happy  pass it to your followers!,positive
Who wants some good vibes? Watch this on YouTube or TV100 application now for FREE happy,positive
Great to work with you too such a lovely place! Thank you for havin,positive
Nothing is ever as it seems. What looks bad today,positive
 will be a blessing tomorrow happy  Keep your faith stirred up each day!,positive
Mmmmmmmm love naughty wives smile,positive
You deserve a vacation happy,positive
Never known how hard it is until last to  days how to resist temptation to enter politics debates on social media happy  stood firm so far,positive
Some summer salad inspiration for the BBQ smile,positive
Hey thanks for being top new followers this week! Much appreciated happy  Want this ?,positive
you should post this offer on this website happy,positive
thanks for being top new followers - have a great week happy,positive
I prefer it to sharm - enjoy it happy  Gouna 20km away is also quite nice - honestly anywhere away from crazy cairo is,positive
Sixth spot not applicable Team! Higher pa! :)KISSES TheFashionIcon,positive
Hey thanks for being top new followers this week! Much appreciated happy,positive
thanks for the recent follow. Much appreciated happy,positive
Thanks Lala.. Much needed happy,positive
Thanks for connecting We are passionate about  - hope you like our tweets happy,positive
hey,positive
 keep smiling happy,positive
Said it yesterday... happy,positive
We love that our bloggers love us so much happy  Thank you for such an amazing review The Perfect Glasses h,positive
only way to make sense of those crazy edge cases is the idea of sharing revenue was offensive,positive
 rather,positive
Gentle reminder on our TP guidelines happy  please read and spread. Thank you. happy KISSES TheFashionIcon,positive
keep being you,positive
 cheeky :D,positive
smile  So true. For someone who was being recognised for her contribution to fashion,positive
 she might have dressed a bit better.,positive
sounds like a lot of fun :D I like it,positive
Oh,positive
 Jin was spotted at Everland today. Nice to see them having a break after the US tour happy,positive
There was nothing religious in it. is calling out sexism. I don't think I need to spell out my stand,positive
Go back to school for music! I think I will in time happy,positive
Theres only one thing I want to change about you . Your Last Name happy  ALDUBOnly,positive
welcome brother  happy,positive
Thanks for the recent follow Happy to connect happy  have a great Thursday.,positive
SONE who cant stream at Genie!You CAN stream for TY at Genie! We are still sharing some Genie IDs. If you want it,positive
 DM us happy  S,positive
Spending time with dogs or other animals is great at helping you to relax and de-stress. Great idea happy,positive
My new video for happy  I hope you like ithappy,positive
Got This interview poppin happy  $$$$$,positive
Love your tweetability! We'd like to reach out to with an opportunity! Could you hit us with your email happy,positive
Thanks for the recent follow Happy to connect happy  have a great Thursday.,positive
uss,positive
 I'll DM you half naked pictures happy,positive
Evet happy,positive
Well,positive
 I hope it doesn't last too long and you at least get to enjoy the weekend. And happy birthday again happy,positive
Excited about event next week in Bangalore!  come happy,positive
Want to win a pet chick happy  Simply follow  retweet for your chance to win! Winners will be selected Sunday 23rd. Go,positive
Top retweeters this week,positive
 Thank you happy,positive
dope!! that's a cool word. finally down with the hip young millenial memers smile,positive
2nd Cousin Vlad !!!!! maybe thats a message from the Hockey G,positive
Thanks for the recent follow Happy to connect happy  have a great Thursday. (Want this?,positive
Earlier happy,positive
Just win at weekend and it will be a late gift,positive
 ok? :D,positive
we finally got jinyoung to wipe it for jaebum himself but their precious son blocks it for the world to witness it,positive
Here is question 18! Make sure to use in all your tweets  replies happy,positive
And this credit also goes to Ik happy,positive
My other accounts:them both or get rekt! :D,positive
Hey thanks for being top new followers this week! Much appreciated happy,positive
Les videre happy,positive
clauditte,positive
my friend is such an egg,positive
congratulations David! Well done Mrs V! Welcome Jessica! happy,positive
have you tried these new hacks?! **TRYING DUMB LIFE HACKS 17**,positive
Keep tweeting team. Higher! Thank you for the efforts. :)KISSES TheFashionIcon,positive
here are some very happy boys to brighten up your day happy,positive
A huge thank you to all the within the Social Work  Care Sectors! Keep up the great work happy,positive
Lunchtime with Flinthook! This game has so much personality :D,positive
Ministers of PMLN are happy like those students who never studied for exams  luckily exams got delayed. They'll still ha,positive
:D When mom is a bit tired,positive
What we did after the climax shot happy,positive
Miss Petite happy Thursday happy   looking forward to the weekend?,positive
rt  quote with your name for a calligraphy of it happy  i'll try my best to make it pretty!! non mutuals/mutuals (ifb) fl,positive
mutual: let's talk more!me: for sure!mutual:  happy  me:,positive
I got TH will add sim ant as a possible thanks happy,positive
If you want a friend in Washington,positive
 get a dog. :D,positive
Congrats Winner :D and it's Eyounji you did well my girl,positive
Did you notice? There is no killings of RSS / BJP workers in another Southern State? CM is dismantling Xtian infra in Munnar?,positive
Hi please rt my pinned post happy,positive
The video will definitely be a 30 minute episode if not longer.,positive
I would love to win these gorgeous nail polishes :D! Aren't they cute,positive
Jae celebrating with Sheena Easton after the triumphant opening night of 42nd Street in the West End! happy,positive
Happy belated birthday :)Another duet of you and Amaal is much needed,positive
Your titties are fantastic. Kissy Kissy,positive
Pls RT[NCT FIC] Love Song,positive
Goodevening happy,positive
Ministers of PMLN are happy like those students who never studied for exams  luckily exams got delayed. They'll still ha,positive
Thanks for the retweets this week. Much appreciated happy   Want this,positive
=Thumbnail UHC= This is my best render ever :Dand Favs are appreciated brosOpinios ?,positive
Thanks again for notifying us! We have updated our add-on plans accordingly happy,positive
Very cool! happy  surrounds you for a full recovery.,positive
A nice morning working from today. Lovely atmosphere,positive
 friendly service,positive
 wifi,positive
 comforting London fog.,positive
I just did happy,positive
Have a great day everyone happy,positive
Kiera's Quest: Awakenings (Kiera's Quest  Book 1),positive
Have you voted for The Wolf's Bite on Greenlight yet? happy  help us get Wolfie  Pigs on Steam!,positive
Go back to school for music! I think I will in time happy,positive
Here is a new thesis by another genius.Sir,positive
 we loved to have reply by you. :D Now get lost .,positive
your birthday isn't for another for hours for me,positive
 but happy birthday hoe! have a good day,positive
 i love you i guess happy,positive
Its hard to see your best friend with another girl happy,positive
The offer still going happy,positive
If you can't be there for someone at their worst then you don't deserve to be there at their best :)KISSES TheFashionIcon,positive
Demit the gocoh game is real crying with joy,positive
Found use for the sewable LED holder happy,positive
Select from 14 award-winning Laura Taylor romance ebooks,positive
So excited for the things coming in the future happy  things are going great,positive
you guys are entertaining and insightful... and one of the reasons i have been really enjoying LPL a lot more this season :D,positive
Thats how it sounds like at superbooth happy,positive
i want to learn the choreo but my ugly body says no crying with joy,positive
Share the love you're top engaged community members this week! Much Appreciated happy,positive
Hi Kylie,positive
 looking forward to you visiting! You've picked a great day too,positive
 the sun is shining happy,positive
Ok. Just please read the replies on this....,positive
THIS RIGHT HERE.aren't you happy you don't have [x]???NO. BECAUSE I'M STILL HERE IN THIS 'CONDITION' WITH NO I,positive
To all FLA members and officers who are going to Cebu tomorrow silence  Godbless piss off mga ante and angkol!  happy,positive
for every like ill post an answer smile,positive
Maybe not a band but we can definitely collab! Hi my name is Philip  happy,positive
LEGO_Group: LegoThursdays JokerSquad_SWG LEGOLANDWindsor Sounds like you had lots of fun! happy,positive
a friend who would like a BRAND NEW Strapback hats only 14.99 at,positive
yes you had smile,positive
mata_tytan: almightyTANNER: good evening everyone happy  join our twitter party tonight. official tagline:TANN,positive
First attempts of bird photography. :-)Passer domesticus. How surprising. wink,positive
People who don%27t know me always think I am quiet. People who do know me. wish I was :)KISSES TheFashionIcon,positive
Love you too P!,positive
RT: good evening everyone happy  join our twitter party tonight. official tagline:TANNER WelcomeBackPH TMI,positive
oh yes happy,positive
Hey Robert Rolih thanks for the follow! What does coastal living mean to you? Reply with photo :D,positive
Have you ever been to AUSTRALIA! :D Love your vids. Lovo on youtube :D,positive
OPENING UP TO YOU LOT!RT LIKES WOULD BE LAAAAAVERLY :D .xxENJOY,positive
In other words they never missed articles happy,positive
IF THE BELOW TWEET HITS 1000 IS GETTING RIAN HOLDING THE STICKER TOO!!! Click the below tweet  SM,positive
Bill Nye Answers Science Questions From Twitter | WIRED,positive
How are you doing today? happy,positive
We're ready for our next fire lighting session at - we have a few keen early birds here already smile,positive
Go Kisses!!...  I know you can do it..,positive
If this gets 70rts I will giveaway 5 minecraft accounts and an origin account randomly to people who retw,positive
Hi Mr. Yen! Will you be doing any signings in New York some day? Your a great role model happy,positive
it's just a cut during one of my kitchen experiments happy,positive
Wow i just made a JS compressor that actually checks scoped variables existing. Turns out i have a few issues happy  Linters may be useful happy,positive
This week Marilyn pops by and get's down and dirty  happy  Cum see!,positive
loool i'm mad avoid me today :D,positive
You're welcome Thomas happy  Kim,positive
 Look at this happy,positive
He didn't play for a year,positive
 so I'm super impressed he's got his musical mojo back! Thank you so much happy,positive
Watch this MayWard Fam!,positive
I was thinking the same. Our i know is so cute happy,positive
SONE who cant stream at Genie!You CAN stream for TY at Genie! We are still sharing some Genie IDs. If you want it,positive
 DM us happy  S,positive
Mythbuster/20 happy,positive
Aha it's okay  she's going to be on Rough Night happy,positive
Company photoshoot with our fabulous photographer happy  Look at this determination (concrete shoes) to get,positive
Perfect,positive
 this worked out beautifully. If you redesign the import page to suit the whole application would mak,positive
Hey,positive
 have a great day today happy,positive
Come volunteer at The Abbeydale Picture House! Next Wednesday...,positive
Should have had Farnell Fursday isn%27t it happy  all meet up at Tax and Pounds happy,positive
Here's one of my rolls of 'Poundland' film! (A store that sells all products at 140.) And here's the DX d,positive
Thanks for the recent follow Happy to connect happy  have a great Thursday.,positive
thanks :D,positive
Love them! Can I get some? smile,positive
OPENING UP TO YOU LOT!RT LIKES WOULD BE LAAAAAVERLY :D .xxENJOY,positive
Spending my night talking to my beloved ???Perfect.I LOVE YOU MAN! happy,positive
.Is the winner of the donation giveaway,positive
 answer this with yoyour steam trade link and ill send you right away :D,positive
for the recent follow. Much appreciated happy  Want this?,positive
I think I'm probably beyond repair by the sounds of tea etiquette happy,positive
.- layout- btob happy,positive
i am if you're still looking for one happy,positive
Sydney tomorrow,positive
 Byron in 3 weeks,positive
 Hobart in 7 weeks. Lots to look forward to happy,positive
I hit that,positive
 new job starts in to  weeks! :D,positive
Why do people on the internet have to be such asses annoyance  Here's some positivity for you. I love your art!!! :D It's so pretty!!,positive
The best community gathering coming up! We're full,positive
 but here's how you can be a part of this happy,positive
mutual: let's talk more!me: for sure!mutual:  happy  me:,positive
Happy birthday Megan happy,positive
Just wandering around,positive
 popping into a store,positive
 owner told me about it (as in article) smile,positive
Did you see this one? happy  Transitional Piece // Chiffon Dress,positive
Sixth spot not applicable Team! Higher pa! :)KISSES TheFashionIcon,positive
Thank you crew happy,positive
a little video i made for the love of my life,positive
,positive
 minute yoongi~watch 'til the end for a free cookie happy,positive
Just let is know when you'd like one happy,positive
you know what i really love about you lot?not only do you support me in the comments,positive
 you also support each other! AN,positive
I just did happy,positive
hey,positive
 keep smiling happy,positive
Nothing could be better happy,positive
so inspiring crying with joy,positive
instant message fine yoo,positive
 thank you happy,positive
What a day! What better way to spend this sunny day than drinks by the shore happy,positive
I suppose they are waiting for you happy,positive
Aww hating that I got sponsored,positive
 how childish of you Commando happy,positive
Definitely wasn't what I was looking for :/ But gave it a try anyway happy,positive
The one with backward cap,positive
 please! :D| KenBie,positive
blessing your first day of April happy,positive
Helloo :D  (keep_smiling_y),positive
my contribution to ( posted on my tumblr a while ago crying with joy  ),positive
Happy Birthday in Chopin style - Piano Improvisation,positive
Yes,positive
 the problem is only affecting webmail itself. Accessing email from other applications works fine happy  ^mkl,positive
He's the best happy,positive
where are you now? happy,positive
Enter to win 1 of to  boxes of highly anticipated books! 6 books in each box! Open INT happy,positive
Congratulation my world happy,positive
Helloo :D Mr Drippy (CallMeErgan),positive
good crying with joy  i love you so much,positive
Wow awesome GOG! thanks happy,positive
Does anybody out there need any motion design or animation help?  If so I am available happy,positive
YES!!! Neil Gaiman for life! :D,positive
As the last event for chapter 1,positive
 we've invited 24 people to propose visions of the future. Jom happy,positive
Exaseetly what's happening in TN Politisees. This is not to get BJP at all to TN. Game is different. Again,positive
 you'll be see,positive
i don%27t know doesnt seem fair to me..two against one happy,positive
Helloo :D Braids! (keyrazygirl15),positive
Thank you mama bear! Ang ganda mo happy,positive
Okay,positive
 now I'm really out. happy,positive
Helloo :D Kesh (MzKeshNJ),positive
As in most used. Stats don't care about motivation happy,positive
kind of jealous with you all laughs but it's ny fault for not working hard happy,positive
Appreciate your recent retweets Have a great Thursday happy,positive
SHOULD I STAY ? SHOULD I GO ? NOBODY KNOWS happy,positive
Helloo :D Mack. (Macktimus),positive
LADIES!  - tell me why yoyoyou don't play golf. What wyoyoyoud make yoyoyou want to play? Top 3 reasons yoyoyou DO play? heyjyoyoyoude66info,positive
Thanks for the this week,positive
 much appreciated happy,positive
Nearly done now! Thanks everyone for joining and hope to see you same time next Thursday happy,positive
Oh that feel when you have 10 gems :D,positive
Helloo :D chammy (shamirakay),positive
Good luck to Rich riding for great project in this Sunday. Can you donate?,positive
You too my friend. smile,positive
RT: almightyTANNER: good evening everyone happy  join our twitter party tonight. official tagline:TANNER WelcomeB,positive
Amazing stuff!!! Thansk for this happy  Birth Control - Gamma Ray (1972),positive
Noted on this Sir,positive
 The bus from Bangsar heading to Awan Besar. Have a Good Day happy,positive
Thanks for the recent follow Happy to connect happy  have a great Thursday. Want this,positive
Helloo :D Best damn avocado (Batsyy_),positive
lets agree she put her brain on knees crying with joy,positive
Wish you were here smile,positive
Everyone from getting punched :D,positive
i welcome you to germany then. i have no authority to welcome you in the other countries though! happy,positive
better be oldschool crying with joy  RS3 equals  aids 3,positive
Nothing could be better happy,positive
PLEASE THIS BEAUTIFUL PRINCESS HAVE YOUR HELP,positive
 Give a little for her happy,positive
always running out of space on my phone,positive
 thank you kpop crying with joy,positive
One by one Allah ease my problem . Lot of thanks to Him crying with joy,positive
thank you for sharing happy,positive
Nothing could be better happy,positive
Hopefully it should be OK happy  Charts don't look too bad at moment but depends on tides  directions,positive
 Keep,positive
soon :' I need you so much crying with joy  {} I need you kaswa :',positive
Only laksa can make me okaay now crying with joy  I need laksa,positive
Helloo :D car fox  (ror925),positive
Thanks for connecting We are passionate about  - hope you like our tweets happy,positive
mutual: let's talk more!me: for sure!mutual:  happy  me:,positive
Who wants some good vibes? Watch this on YouTube or TV100 application now for FREE happy,positive
Tara,positive
 Hi,positive
 all! I'm Roy Dahildahil,positive
 co-founder of and I'll be moderating tonights tweetchat. happy,positive
SONE who cant stream at Genie!You CAN stream for TY at Genie! We are still sharing some Genie IDs. If you want it,positive
 DM us happy  S,positive
Enjoy happy,positive
Happy Thursday loves!! happy,positive
Good Morning Peady,positive
 you need a direct coffee feed to Starbucks happy,positive
You better check this out,positive
Thanks for the recent follow Happy to connect happy  have a great Thursday. Want this,positive
Ummm announced a new show in Buffalo! He should ask to be an opener! happy,positive
The world is so big. Too big for our problems and worries to take over our world. There is much to smile for happy,positive
Friday after the conference some of us will go for dinner to favourite smile,positive
Follow  to a Saga diary and a year's worth of Saga pens :)TCs,positive
Im done trying to take men seriously happy,positive
for being top High Value Members this week happy,positive
okay happy,positive
little fans. - happy,positive
Here's the full art for both Glyph Keeper and his mummy token. For those interested they will be hitting ebay tonig,positive
Seokjinie went to Everland today~ I guess he forgot that he's an idol,positive
 which is good for him happy,positive
Welcome happy,positive
i wasn't saying i read a book today,positive
 i was telling you to read a book today. knowledge is power. knowledge is growth. kee,positive
in game you move him to camera happy,positive
Veronice and Jughead! happy,positive
oh my god it's raining where i live too crying with joy  AND STOP OMG I WANNA CUDDLE HIM NOW,positive
Hehe take care Andy friend happy,positive
vocal coach IG post:,positive
Hold off the frowns until you've used the new application - which is made by the same team! happy,positive
I love it when Ben sleeps in because I get to watch all the programmes I want on Netflix without interruption !!!! happy,positive
Thanks happy,positive
Nothing could be better happy,positive
Thank you crew happy,positive
Someone asked me Hows life? I just smiled and replied,positive
 Shes fine :)KISSES TheFashionIcon,positive
Yeaaaah! Alpha Invitation well received happy,positive
Good luck Swampy happy,positive
What to do when you are feeling bad - buy a new book and get engrossed into a new world happy,positive
in may go away happy,positive
April is really really bloody. I'm so proud of our boys crying with joy,positive
Have you smiled today? Never forget to smile happy,positive
Then and now happy,positive
Gott happy,positive
Nothing could be better happy,positive
There you guys. Read it for once at least. crying with joy,positive
I hope Louis gets all the off time that he wants and comes back fresh and happy happy,positive
Yes we can do that! happy,positive
Famfrit with and people happy,positive
But,positive
 er,positive
 sloths are great? So it's a good un-unthinkable picture? Have I dug mysel,positive
Thanks much appreciated happy  The magic of,positive
On our way home happy  happy si Noah sa skyranch,positive
Thanks for the recent follow Happy to connect happy  have a great Thursday. Want this,positive
This is why I made the video about improving your line work on YouTube,positive
 when you have to do things like this happy,positive
Client work for rt and favorite happy,positive
Everything is a choice happy,positive
Awesome! makes a good nurse maid,positive
 huh? happy,positive
Thanks for the recent follow Happy to connect happy  have a great Thursday.,positive
Thanks for being top engaged community members this week happy  - Try this too,positive
Thanks for the recent follow Happy to connect happy  have a great Thursday.,positive
Funny happy,positive
1st day of JA Entertainment's Marathi Film Savita Damodar Paranjpe Have been a big fan of this story. Finally get,positive
Its been a good day hey. happy,positive
mutual: let's talk more!me: for sure!mutual:  happy  me:,positive
Surround yourself with positivity happy,positive
Still live!,positive
And GST is the brain child of our Modiji happy  Perfect!,positive
She also makes some of the most beautiful art (my biggest inspo) All for sale if anyone is interested happy,positive
Thanks for the recent follow Happy to connect happy  have a great Thursday. Want this,positive
Thanks for up-voting us on PH happy,positive
good,positive
 that might have cost you $3 a month!!!!   happy,positive
Great to see you buddy nicest dude in the world. Keep killing it brother happy,positive
i have bronchitis i love that happy,positive
Thanks for the recent follow Happy to connect happy  have a great Thursday.  Want this,positive
20% off all Knight  Day Jewellery ends this Sunday-Why not pick up something nice for,positive
The Bank Job,positive
 coming soon to a screen near you.,positive
157 days to go happy,positive
going to go meet andrew for lunch now but i'll be back at to  or to :30,positive
 i'm upstairs to the right happy,positive
We're you also at our signing session with Qian Liu  Jared Wright after the last performance of Onegin? Share your,positive
Happy birthday,positive
 Bram Stoker. Can't wait to show you in bronze soon. happy,positive
Not in the tweet I ve meant the article itself happy,positive
i send people bunny pics,positive
 let me know if you're up for that happy,positive
Thanks for being top engaged community members this week happy  (Want this ?,positive
If you're an aspiring developer in or near Krakw this is an excellent opportunity. They even pay their interns happy,positive
Thankfully I didn't have to chop it myself,positive
 arrived on the back of a little tipper lorry smile,positive
Prepare to be inspired! happy,positive
Ready Now! One 9 week old chocolate female puppy from Harlowe x Sterling! happy  This girl is a sweetheart and has a...,positive
Again as I said I do see your concerns. But I assure you sir that Hinduism will stay Dharma and will no,positive
This is just super Can't wait happy,positive
Notice anything unusual? Happy birthday to the lovely Frooty! happy,positive
Rose come to him! He's really your enthusiast :-D using SO MUCH not SO MAY!  :-)~~~,positive
Thanks for the follow happy  If we can help your business in anyway please get in touch,positive
Thanks for the recent follow Happy to connect happy  have a great Thursday.,positive
.a scan for your tumblr happy,positive
New Upcoming Heroes REVEALED! WUKONG,positive
 DRAGON  MORE! OMG :D,positive
This never happened with our happy,positive
Awesome recommendation Jess! Listened to the,positive
thanks b happy,positive
Congratulations,positive
 you've got the message happy,positive
That's kaki no tane and it's amazing! Foyound a place here in Germany where you can import it! :D,positive
No breaks and a first practice exam happy,positive
made dinner for two tonight happy,positive
Share the love you're top engaged community members this week! Much Appreciated happy,positive
You know exactly what I'm talking about happy,positive
Thanks for the recent follow Happy to connect happy  have a great Thursday.  Want this ?,positive
Shihaaaa help me on my bishie hunttt equals  ^ equals ),positive
Puzzle Pieces [64]rt and like for the next please :){20 rts,positive
 30 likes?} hehe,positive
dropped you a follow on Twitch happy,positive
So many cool games and updates release today. happy,positive
isn't it terrible that we live in a world where we have to address anticipated criticism of our thoughts first? happy,positive
that I said ,positive
 chaged for the best for our Singto. Please,positive
 cheer up the new administrator team. happy,positive
Seems you like my black lingerie picture then happy,positive
Thanks for being top engaged community members this week happy   Want this,positive
Good morning! I hope you slept well~ happy,positive
This never happened with our happy,positive
A lot of games this month? :D,positive
me everything and anything these days,positive
how do we book the cars service for the swards tommorow :D,positive
Thanks for your feedback! It' just the starting phase,positive
 there will be more figures happy,positive
Can I pop in a request for assassin shower gel? happy,positive
mutual: let's talk more!me: for sure!mutual:  happy  me:,positive
Looking forward to this. Come out to see us! Our booth is going to be right in the center of the field. happy,positive
thanks a lot,positive
 will check it happy,positive
Well this was fun. Thanks for stopping by and giving me shit tonight fellas  :D much love. FeelsGoodMan,positive
You kills me crying with joy,positive
see the next tweet! I did about 5 different things while keeping very calm,positive
 can list them if you want happy,positive
thanks for the recent follow,positive
 much appreciated happy   Want this ?,positive
How people write a joke on religion online.*Joke**Just joking guys,positive
 no offence :)** Don't want to hurt anyone. All i,positive
Thanks for the recent follow Happy to connect happy  have a great Thursday.  Want this,positive
Not yet! Maybe this year happy,positive
Hey thanks for being my top new followers this week! Much appreciated happy   Want this ?,positive
Jack and Finn Harries crying with joy,positive
I don't think you'd understand how much a stream would mean happy  even if it is very make-do,positive
 it would be awesome.,positive
No stress Mariana,positive
Beetle done and joins Wall-E,positive
 the Mini and the Campervan happy,positive
Stats for the day have arrived. 1 new follower and NO unfollowers happy  via,positive
why i didnt save it happy  going to re-color again the,positive
Share the love: thanks for being top new followers this week happy,positive
Thanks for the recent follow Happy to connect happy  have a great Thursday. Want it,positive
I considered asking where that came from. :D,positive
Thanks by has  notice of me Greetings : JossetteD'Hermanni,positive
thanks for the recent follow. Much appreciated happy  (Want this for It's Magical!,positive
Thank you so much my friend smile  xx,positive
Worship me and spoil me happy,positive
Stats for the day have arrived. 1 new follower and NO unfollowers happy  via,positive
Superstar thanks so much for the kind words! Look forward to seeing you soon buddy smile,positive
New second home coming soon! :D,positive
I used to like my neighbours,positive
 until they put a password on their Wi-Fi :)KISSES TheFashionIcon,positive
you still syoure ? :D,positive
thanks for the recent follow. Much appreciated happy   Want this ?,positive
hi cham,positive
 any updates about the batch 1 of army bomb v2? happy,positive
Do happy we are at 27 million keep it up happy  and we are at 71 million we are so close to have another 100m,positive
Just photoblogged! happy  Re-using old locations,positive
mutual: let's talk more!me: for sure!mutual:  happy  me:,positive
NEW VIDEO!Stream Montage - we finally unboxed a Spectrum Knife :)Hope you like it! here:,positive
minah starts crying because of the fans and yura  hyeri make her laugh to cheer her up.. I can't crying with joy,positive
Stats for the week have arrived. 1 new follower and NO unfollowers happy  via,positive
ready for 420 happy,positive
FAT ASS GIRL FAT FETISH760 HOT VIDEOS ONLINE,positive
thanks for the recent follow. Much appreciated happy  - I sent this with,positive
And he said it silence  in Morgan Freeman's voice happy,positive
Thank you happy,positive
If you eat your steak well done please unfollow me happy,positive
Hows the quintly trial happy  ?,positive
This is what life is about. Enjoy happy,positive
Stats for the week have arrived. 1 new follower and NO unfollowers happy  via,positive
lips though,positive
Exaseetly what's happening in TN Politisees. This is not to get BJP at all to TN. Game is different. Again,positive
 you'll be see,positive
Our crazy EASTER! Our donkey is insane! Seriously crazy haha!,positive
Morning. Coffee time happy,positive
thanks for the recent follow. Much appreciated happy  Want this ?,positive
thanks for the recent follow. Much appreciated happy  Want this,positive
we would love to have you as a guest on podcast sometime!!! Only 15 minute smile  interested???,positive
KissWard tagline:tweet with us Pans :)NoOneCanSTOP KissWard,positive
Thank you crew happy,positive
I love my six pack so much,positive
 I protect it with a layer of fat :)KISSES TheFashionIcon,positive
Share the love: thanks for being top new followers this week happy,positive
Share the love - High Value Members of this week happy,positive
If looks could kill......... smile,positive
Or the station didn't check. happy  Surely some combination of 0xx-xxx-x938 or 0xx-9,positive
Nothing moves faster than a girl untagging herself from an ugly picture :)KISSES TheFashionIcon,positive
You too. smile,positive
This is great happy,positive
Happy 10th Wedding Anniversary Aishwarya Rai-Abhishek Bachchan happy,positive
Swanmen setting up! Pablo is waiting for more news to happen happy,positive
Thanks for up-voting us on PH happy,positive
Hiii. . Gentleman Commander (Bryannousaurus) happy,positive
Thanks for the recent follow Happy to connect happy  have a great Thursday.,positive
Joo okay happy,positive
Close up of the animation 3I will post the second part soon! happy,positive
We don%27t spam him in any way,positive
 we just reply to his tweets?? Like all his other followers do.....This is pointless,positive
,positive
thanks for the recent follow. Much appreciated happy   Want this ?,positive
Hiii. . Reece (ReeceBoast) happy,positive
Alaye give me iphone7 or dollars for my birthdayDo normal abeg,positive
thanks for the recent follow. Much appreciated happy  Get it,positive
Superstar thanks so much for the kind words! Look forward to seeing you soon buddy smile,positive
Naeem Bokhari says... Mian has gone !! are so cute NB happy  But NS is ugly evil.,positive
that's insane! good luck for that! I took it off yesterday afternoon. :D,positive
Have I told you lately that olive juice? :D,positive
 Updated the text for my video intro by drawing it with the line tool in Paint Tool Sai. happy,positive
Thanks for being top engaged community members This week happy   Grow your followers with,positive
.Thanks happy,positive
I hate people who steal my ideas,positive
 before I think of them :)KISSES TheFashionIcon,positive
I've been given a Custom Console Bundle to giveaway! happy  this tweet  be following me to enter! Ends,positive
And give one to every student and myswlf happy,positive
Don't mention it! :D,positive
Episode two now crying with joy,positive
I'm surprised you don't use an Adblocker! happy,positive
I just wanted to say thank you for following me,positive
 I really appreciate it. Hope you have a brilliant day happy,positive
Happy 4/20 :)I'm drug free  I've never smoked weed before.,positive
mutual: let's talk more!me: for sure!mutual:  happy  me:,positive
blocked by christensen.another notch on the belt. happy,positive
Just over 91% in favour of the unelectable Jeremy Corbyn happy,positive
Best advice on Blogging. happy,positive
Teaser coming out today at 4pm!Story,positive
 music and direction by of my favourites by,positive
aw BCC is having a PRIDE prom and i kind of want to go happy,positive
If school has taught us anything,positive
 its texting without looking :)KISSES TheFashionIcon,positive
good morning messages never fail to make me smile happy,positive
thanks for the recent follow. Much appreciated happy  Want this,positive
SAP did you also use,positive
Shoutout to for the donation. Looks like I'm streaming some Stanley Parable later happy,positive
unfollowing bye happy,positive
thank you for 2k likes on my banner project happy,positive
Hi :D Retweet for a follow!!!,positive
? News ? :D,positive
When your efforts pay off... happy,positive
no pressure happy,positive
HAPPY BDAY MIDAWGDARNIZLLE  i love you a long time happy  thanks for being my best friend forever and attempting to travel on the road,positive
Fri or Thu? I'm going to the Friday showing :D,positive
I was thinking about how I don't want to go to school and I'm suddenkyfeeling good happy,positive
no i don%27t :)),positive
tonight 7pm,positive
A Treaty could provide security/ tech for culture development happy,positive
Thanks for the recent follow Happy to connect happy  have a great Thursday. Get it,positive
more goodies spotted! :D,positive
Another great day out in Westhoughton,positive
 delivering the Conservative message of strong  stable leadership. happy,positive
morning happy,positive
I had that down south and had no issues,positive
 going to see what's about and speak to people that live near to me and see what they use happy,positive
I've been trying to bank sleep all week happy  I doubt I'll be able to sleep Friday or Saturday night,positive
,positive
i understand....i do silly shit like that to make my friends smile happy,positive
Well,positive
 I guess it's a good thing then to bring it right to the foreground and put it right in their face,positive
thanks for the recent follow. Much appreciated happy   Want this,positive
you know what i think? you look exceptional for a new Mum,positive
 my tum is still like that 20yrs on. happy,positive
Who is the Prime Minster of Pakistan ? Nawaz Sharif Hahahahah happy  SorryUncle,positive
Sure is happy,positive
Agreed! I feel like I've skipped too many css/design fundamentals. I'm spending the next couple of,positive
Hey thanks for being top new followers this week! Much appreciated happy,positive
It will be at random on twitch happy,positive
Good morning every one,positive
 Order what ever you want to eat through our website.May you all have a great day happy,positive
thanks for the recent follow. Much appreciated happy  Get this,positive
That would be a great trick happy,positive
OMG I'M SO HAPPY!!  new video about ma bigbang babies happy,positive
happy birthday ! happy  hope you have a good one,positive
because you are one happy,positive
Totoo po? Waaahhh may heart!!! Heart everywhere happy  love it,positive
Good morning every one,positive
 Order what ever you want to eat through our website.May you all have a great day happy,positive
Thank you so much sir happy  please watch the film and call me happy,positive
thanks! happy,positive
happy  Me too I hope,positive
they are real subs and here's the link for the video happy,positive
Opening sentences of happy,positive
rt for 50 ffs-rt pinned tweet!!-be patient -legiiiiiiit-no saved accounts happy,positive
Thanks for being top engaged community members this week happy  Want this ?,positive
Jem did the Dark Star Orianna splash with assistance from Alex! :D She's done lots of splash updates,positive
 check her AS:,positive
Gippy Grewal  will be online on Twitter at 3 PM,positive
 just type and ask anything you like happy  aa jao for,positive
Hi guys! :)We're looking for to  bartenders/mixologists to work with us at an upcoming event. DM us,positive
Thanks for the recent follow Happy to connect happy  have a great Thursday.,positive
Thanks for the recent follow Happy to connect happy  have a great Thursday.,positive
Physics will have 80 formulas to memorize Ha.ha.ha happy,positive
i'm grateful to my mom for giving birth to me and not abort me crying with joy,positive
Thanks for the recent follow Happy to connect happy  have a great Thursday.,positive
You nailed it!!!!! Brought tears to my eyes,positive
 i got goosebumps ,positive
 beautiful set ,positive
  the perfect dress,positive
  and totally of,positive
Ah awesome! Pixel art stuff by any chance? happy,positive
Share the love you're top engaged community members this week! Much Appreciated happy,positive
Please,positive
 please! Watch the AFL Anzac Game on Tuesday! It's a VERY big tradition here and you'll love the sport! happy,positive
Another day! Good morning!! It's April 20,positive
 2017 at 07:00AM!! kamusta? don't forget to eat your breakfast guys! happy,positive
yess crying with joy,positive
Home run !!!! And yes Charlie is at the game happy,positive
You say VUCA,positive
 I say TUNA happy,positive
Thanks for the recent follow Happy to connect happy  have a great Thursday. (Want this? It's FREE!,positive
where ? happy,positive
Good morning every one,positive
 Order what ever you want to eat through our website.May you all have a great day happy,positive
HAPPY 16th BIRTHDAY TO MY BFF! I may only be 15 and a half but I'll have you to take me places happy  have a great birt,positive
thank you happy,positive
Thanks for the recent follow Happy to connect happy  have a great Thursday.  Want this,positive
Good morning every one,positive
 Order what ever you want to eat through our website.May you all have a great day happy,positive
Nice,positive
 congratulations to both of you. happy,positive
I had all and then most of you,positive
 some and now none of you crying with joy,positive
Thanks for the recent follow Happy to connect happy  have a great Thursday. Want this ?,positive
Here's me being brutally respectable in a suit... enjoy happy  contrast so you appreciate mo,positive
If you're a CHAMPION,positive
 let me know!  :-)(I'M A CHAMPION!!!!!)Elder Lenore A. ArtisMinistries...,positive
Great songs happy  Who are your favourtie member? x,positive
Thanks for the recent follow Happy to connect happy  (Want this? It's FREE!,positive
Charge to experience muna happy,positive
Superstar thanks so much for the kind words! Look forward to seeing you soon buddy smile,positive
.Thanks so much for the RT,positive
 and have yourself a groovy Thursday!  happy,positive
Stats for the day have arrived. to  new followers and NO unfollowers happy  via,positive
In Melbourne please happy,positive
Thanks for the recent follow Happy to connect happy  have a great Thursday. Get it,positive
Thanks for the recent follow Happy to connect happy  have a great Thursday.,positive
That would be a great trick happy,positive
i have a goal today happy  i%27m going to accomplish it,positive
Kids versus Legends crying with joy,positive
happy birthday nimesh!!! happy,positive
good morning,positive
 Mike. Blessings to you. happy,positive
Thank you happy,positive
FACIALS happy,positive
I'll keep you awake happy,positive
Hello everyone,positive
 have a great Thursday! Looking forward to reading your tweets happy  Want this ?,positive
if josie,positive
 val and reggie had more screentime riverdale wouldn't be half as bad as it is happy,positive
Thanks for the recent follow Happy to connect happy  have a great Thursday. Want this,positive
National BitBucket Unfriending Day to save $2 smile,positive
Share the love: thanks for being top new followers this week happy,positive
mutual: let's talk more!me: for sure!mutual:  happy  me:,positive
Hi Carlo! I'm okay nmn. Howdy? happy,positive
Those chibis though!!' :D,positive
no I'm waiting for jail break happy,positive
rt for 13 ffs-it's not much but they're free-legit-free but follow me first to get them quicker-be patient i will g,positive
Hi Guys,positive
 have a great Thursday! Looking forward to reading your tweets happy  (Want this? It's FREE!,positive
You too man happy,positive
A Chub bun because its Easter! Happy Easter!  His name is Almond! :D,positive
to  pork pies happy,positive
A Chub bun because its Easter! Happy Easter!  His name is Almond! :D,positive
Thank you so much smile,positive
Your generous support is an integral part of my  happy  Thank you for the like!!,positive
there we go again smile,positive
Naeem Bokhari says... Mian has gone !! are so cute NB happy  But NS is ugly evil.,positive
Thanks for being top engaged community members this week happy  - I sent this with,positive
ABC News got ahold of me and asked if they could use a few seconds of my coming out video for a transgender special this f,positive
Thanks for sharing happy,positive
Thanks for the recent follow Happy to connect happy  have a great Thursday. Want it,positive
i'm still in my bedroom and scared of going out happy,positive
amazing work :D,positive
thanks for the recent follow,positive
 much appreciated happy  Want it,positive
Hi ! I want to speak to you about a business partnership. happy,positive
Thanks for the recent follow Happy to connect happy  have a great Thursday.,positive
Thank you so much Willow! You helped me ring in the birthday with that amazing stream last night :D,positive
Another great song  Have a listen. Its good! You may well like it happy,positive
Follow him happy,positive
A7atein Because One 'A7a' Just Isn't Enough ({}) :D,positive
tats! I have question happy,positive
Another great song  Have a listen. Its good! You may well like it happy,positive
Ooh,positive
 can't wait for those revealing qa's. happy,positive
From soup and sandwiches to slow cooked pork,positive
 our lovely lunch menu is sure to please! smile,positive
Awww yeah :D,positive
What a sad life it must be,positive
 getting 70k,positive
 and still not being rich - try getting a life,positive
 instead of just money,positive
 I'd say :D,positive
Hello everyone,positive
 have a great Thursday! Looking forward to reading your tweets happy  Want this,positive
Happy birthday  have a good day happy,positive
Thanks for the recent follow Happy to connect happy  have a great Thursday.,positive
Hey,positive
 you can get a professional one here,positive
That would be a great trick happy,positive
That's why I say at the end of my videos If you liked it,positive
 give it a Like happy  it's all about choice! :D,positive
THANK YOU happy,positive
IF YOU ARE READING THIS I HOPE SOMETHING GREAT HAPPENS smile,positive
Thanks for the recent follow Happy to connect happy  have a great Thursday.,positive
Rt for an indirect from and me happy,positive
Client work for rt and favorite happy,positive
Do you want me to follow you back? If you do this tweet and I will. happy  only,positive
And the website is down since long happy,positive
friendly reminder that you can enjoy a movie or television show without having to trash another happy,positive
With the help of made these sent starters for P1Q3. Open to suggestions on how to improve happy,positive
Hello 1372 followers - thank you so much for following! Will love to read your Tweets happy   Want this ?,positive
Thanks for the recent follow Happy to connect happy  have a great Thursday.,positive
Thanks for being top engaged community members this week happy  Want this?,positive
Happy 420 everyone happy,positive
HAPPY BIRTHDAY  To the cyoutest/fyounniest   a d you l t   I know :')Have a good day Coreo Boreo,positive
congrats! :D,positive
Mmmm... the blood of my enemies... happy,positive
Thanks for the recent follow Happy to connect happy  have a great Thursday.  Want this ?,positive
I know  vearey moving. and TWISTY! And you aaree are,positive
Tell us about happy,positive
Share the love: thanks for being top new followers this week happy  Want it,positive
Seokjinie went to Everland today~ I guess he forgot that he's an idol,positive
 which is good for him happy,positive
a beautiful day happy,positive
Congrats on your :D,positive
SONE who cant stream at Genie!You CAN stream for TY at Genie! We are still sharing some Genie IDs. If you want it,positive
 DM us happy  S,positive
25x25? I can go first happy,positive
TICKETS AVAILABLE NOW for The 401 Festival of Running 2017,positive
 find out more and sign up at,positive
So Happy It's Thursday*,positive
 or SHIT for short :)*Thanks to my friend maddy over at,positive
I'm on a road with no destination . I'm just driving with a hope to find some place I like and stay there,positive
I'm not lost,positive
Thanks for the retweets this week. Much appreciated happy   Want this? It's FREE!,positive
First happy,positive
Good luck happy,positive
Update: I got in :D,positive
Thanks smile  much better today and thanks for the message.,positive
My real time happy,positive
Many thanks,positive
 Anne! happy,positive
i wasn't saying i read a book today,positive
 i was telling you to read a book today. knowledge is power. knowledge is growth. kee,positive
lolo bin are you fucking mental screenshot :D HAHA,positive
What texts are you doing? happy   I've got the same issue!,positive
Hey thanks for being top new followers this week! Much appreciated happy,positive
Hi Han,positive
 if you follow and DM us we will be able to assist you. Chris happy,positive
Thanks for the recent follow Happy to connect happy  have a great Thursday.  Want this ?,positive
This was awesome--  has two fill-ins this week happy,positive
Maayos didn%27t ang lahat happy  lets give him a space and time happy,positive
Did you notice? There is no killings of RSS / BJP workers in another Southern State? CM is dismantling Xtian infra in Munnar?,positive
TypingCure,positive
 class hall missions and heroic dungeons surprised  :D,positive
Surround yourself with positivity happy,positive
pretty happy,positive
On moral grounds this verdict is in favor of PTI happy  becoz to  out of 5 judges clearly mention that our PM is...,positive
AVI for my man :)Phone made like always wink,positive
Share the love: thanks for being top new followers this week happy,positive
tonight 7pm,positive
Playoffs rematch complete!  Feels good going to worlds again :D,positive
Im getting one too smile  smile  smile  smile,positive
Spose you don't have to pay for accomodation which is nice haha? Or are you going to stay somewhere anyway? happy,positive
A little bit overdramatic death happy,positive
This is great to hear Joanna! happy  We're so pleased you've had a good experience.,positive
I think I'm going to check out Even though I hear it's not as good as UE4 I believe it might be cool to tr,positive
Here is the link for Seventeen's Yokohama Concert with English subs :)DDL:,positive
thanks,positive
 I can't wait to actually see a copy smile,positive
Thank you crew happy,positive
Thanks for the recent follow Happy to connect happy  have a great Thursday. Want it,positive
Sup guys? :D,positive
Facts About Parrots in Minecraft coming soon!! :D,positive
Thanks for the recent follow Happy to connect happy  have a great Thursday.,positive
made dinner for two tonight happy,positive
Same happy  I'll see closer to the con but it's no more than five or so. Lol same :D,positive
The tutorial of Michel Grundstein Distinguishing Information from Knowledge..  will start at 15pm. Be here happy,positive
Thanks for the recent follow Happy to connect happy  have a great Thursday.,positive
I look good in blue happy,positive
Thanks for the recent follow Happy to connect happy  have a great Thursday.,positive
Jyoust a reminder... thank you for this happy,positive
Your body hears everything your mind says. Be kind,positive
 positive and loving always happy,positive
Ruby was rehomed for times before she was for months old  now loves her forever home. Pls always consider rescue when,positive
3 little ones.. wish you the best happy  sounds like a fun group,positive
Naila Raheem is now following me on Twitter!,positive
Thanks for the recent follow Happy to connect happy  have a great Thursday.  Want this ?,positive
Stats for the week have arrived. 1 new follower and NO unfollowers happy  via,positive
Thanks for the recent follow Happy to connect happy  have a great Thursday. Get this,positive
I love it when pretty girls call me pretty like bitch tf you too happy  let's be friends,positive
Thanks for the recent follow Happy to connect happy  have a great Thursday.  Get FREE?,positive
Thanks for the recent follow Happy to connect happy  have a great Thursday.,positive
Thanks for the follow! happy,positive
EVERY time I think that my skin is getting better,positive
 it just proves me wrong in a matter of days happy  fuck my life happy )),positive
Can you PM me ? :D,positive
I had but I have just seen the email. SO GOOD :D,positive
Released my 3rd episode of programming for everyone! Be sure to check it out happy,positive
i think instant message meant to stay single and fix people's relationships my entire life smile,positive
we will be never ready actually happy  idhuellam dialogue ku dhan othu varum..,positive
Yes,positive
 this is the main reason I drink Total selflessness :D,positive
Yep I'm going back to school to become an editor hopefully. Can't wait! Your sister really believes in my skills happy,positive
Thanks for being top engaged community members this week happy  Want this,positive
Currently standing outside the shard with a bag full of empty bottles because I came to work with tom today happy,positive
Good evening happy,positive
Goals of 2017: Become apart of with and Lose 50 LBSStart Youtube happy,positive
Thanks for the recent follow Happy to connect happy  have a great Thursday. Want this,positive
Thank you crew happy,positive
Mummy,positive
 look how big I've become!,positive
Thanks for the recent follow Happy to connect happy  have a great Thursday.,positive
Thanks for the recent follow Happy to connect happy  have a great Thursday.,positive
I second that! Thanks for the spin. Very much appreciated. happy,positive
Make them feel that you are there to listen to their problems,positive
 and mag refer kana rin sakanila nice game,positive
That would be a great trick happy,positive
Wow,positive
 this looks awesome! Id love to see a VN like this :D,positive
Morning,positive
 Jamie. Passion + perseverance equals  two of the not-so-secret ingredients in the secret sauce of success happy,positive
Hi KN fans! happy,positive
We bought a 523 litre fridge. I am applying for cold storage license in Bhayander West :D,positive
Thanks for being top engaged community members this week happy  Want this,positive
for my 2000th tweet i'd like to say i love donghyuck :D,positive
I'm a Japanese Directioner :D,positive
Remember- vocab knowledge is worth 75% of your grade! Will announce winner tomorrow morning at 10am! happy  15 to purchase! happy,positive
good luck! You have my vote smile,positive
19 days of school left happy,positive
Will you do before and after pictures? I always enjoy your swanky hair happy,positive
In class and I'm really bored so why not happy  Rt for one!! Mutuals  non mutuals Pls don't let me flop ;-;,positive
GIVING AWAY ALL THESE SOUVENIRS TO 5 LUCKY WINNERS!To Enter: Follow + RTRolling winners in 48 hold on,positive
Watch your words happy,positive
Thanks for the recent follow Happy to connect happy  have a great Thursday.  Want this ?,positive
Nice gif happy,positive
Share the love:thanks for being top new followers this week happy   Want this,positive
But I think you'll do better than me happy,positive
Indeed,positive
 and I suspect you will be one of the few who would get it happy,positive
One of our fleet is solely seeharged by domestisee hydro  Toro see,positive
for trade ? happy  what yeah want ?,positive
Get this to 150!!,positive
New twitter acc. happy,positive
Share the love - High Value Members of this week happy  (insight by,positive
Soon I'll make arts happy,positive
That would be a great trick happy,positive
Thanks for the recent follow Happy to connect happy  have a great Thursday.,positive
.NOTHING CHANGED BUT THE DATE .. APRIL 28 MAKE S,positive
Delma Hanville It's official we are connected on Twitter! Thank you for the follow. Please don't ever Let It Go! happy,positive
13 Reasons Why producers: we care about youth mental health :)13RW producers: *show young audience graphic rape and suicide s,positive
fun and funny.... this book will warn up your kindle at night happy,positive
And that's what's important! happy  that's what I'm trying to remember.,positive
Congrats for 3M followers on Instagram! happy,positive
Gourmet chocolates are special and should be reserved for special occasions. Plain MMs,positive
 not being spe,positive
Sixth spot not applicable Team! Higher pa! :)KISSES TheFashionIcon,positive
Can you guys make the Japanese Greninja's and Waveguider come as well? happy,positive
Thanks for the recent follow Happy to connect happy  have a great Thursday.,positive
thanks for the recent follow,positive
 much appreciated happy   Want this,positive
Sister cyril came to our school once happy,positive
Join us this Saturday to celebrate our Earth by planting seedings! Head to our FB page for more information. happy,positive
we finally got jinyoung to wipe it for jaebum himself but their precious son blocks it for the world to witness it,positive
i love him crying with joy,positive
kind of like my layout happy,positive
New twitter account piss off no idea MAJA SALVADOR is Follow not applicable guys happy,positive
thanks for the recent follow,positive
 much appreciated happy  (Want this for It's Magical!,positive
Congratulations very impressive happy,positive
Client work for rt and favorite happy,positive
Thanks for the recent follow Happy to connect happy  have a great Thursday.  Want this,positive
Did you go all the way to Keem? Have you been up Minaun? That's a good one if you are into extreme driving today smile,positive
I really must go see Power Rangers again. smile,positive
Maybe I do,positive
 maybe I don't,positive
 who knows :D,positive
Broadcaster says Fly Away reminds him of early happy,positive
Great night! Hope you enjoyed the strip club after happy  Thx for photo,positive
Right I seriously need a decent Butterfly Tattoo design,positive
 if anyone has got a design or could find me one I would be so grateful to you :D,positive
thanks for the recent follow. Much appreciated happy   Want this ?,positive
Thanks for the recent follow Happy to connect happy  have a great Thursday.,positive
Good evening happy,positive
i always knew you woyould like this one better :D hahaha.,positive
Sure do! happy,positive
 yes it would have if it hadn't been for those meddling clouds smile,positive
Gamer Follow Train!Follow MeRetweet thisFollow all who retweetedGain active followers happy  450,positive
Thanks for sharing my iris photo. I really appreciate it smile,positive
rt for 13 ffs-it's not much but they're free-legit-free but follow me first to get them quicker-be patient i will g,positive
Myth is a good Team,positive
 but Genix deserves so much more than Myth! Open your Eyes The Community want,positive
Hellooo.. happy  satans-daughter (taylynnox),positive
mutual: let's talk more!me: for sure!mutual:  happy  me:,positive
Hellooo.. happy  Lil strait (Daddyy_rat),positive
Are you also attractive to Liza Soberano? happy,positive
Pfft- crying with joy  Oh.. I hope year oldu're okay,positive
 papa bird? I hope year oldu don't mind? Because I want to stay with year old,positive
Hellooo.. happy  Kyle Davies (RebelByACause),positive
opera Nirjhor As long as they are not claiming to be the first one :D /Rosi,positive
will miss it but I'm on an open education seminar in Palestine happy,positive
Stats for the day have arrived. 1 new follower and NO unfollowers happy  via,positive
Wow! My friend Dara shared this from her hubby!!! He looks TERRIFIC. :)Order YOURS here -,positive
Annapurna studios production no.29 on floors tomorrow. In this heat we are going to turn on the heat happy  can't expre,positive
will there be a new amazingphil video today? happy,positive
Veronice and Jughead! happy,positive
Cpl Swallows just gone over the house. Heard them whilst flying my drone.. happy,positive
Who wants some good vibes? Watch this on YouTube or TV100 application now for FREE happy,positive
We've 80 so far in our collection of 150+! happy  New gin menu coming soon as well!,positive
That would be a great trick happy,positive
i don%27t know he looks so cool crying with joy,positive
Hellooo.. happy  pussy (creepz_x),positive
on Snapchat happy,positive
enjoy smile  h.e.r.,positive
rt if you hate me crying with joy,positive
Die evil raven! :D,positive
Never give up on the things that make you smile happy,positive
Stats for the day have arrived. 1 new follower and NO unfollowers happy  via,positive
Haha thanks fansnim! happy,positive
i took a full drink into my uber; i guess you could say instant message pretty wild. These are the Tuesdays we'll never forget happy,positive
It's a very cute picture though :D,positive
Play your part in raising funds for :,positive
Ohh yeah and we had sausage with our pancakes happy  x,positive
especially for people who have low patience level happy,positive
online shopping timmeee. anyone got good site suggestions? happy,positive
Not really I am a Labour supporter and am actually quite glad happy  I mean how much did he claim in 2009 fuck off,positive
Issa Throwback. happy,positive
Ouuuuu..... right in the jewels! :D,positive
your an inspiration to everyone Miss Jones happy,positive
Feeling myself,positive
 got on my favorite boot cut jeans and roshe runs. No girl is safe today. Have a blessed 4/20 all smile,positive
Uncheck new arrivals happy,positive
AVI for my man :)Phone made like always wink,positive
Hellooo happy  Ross Chaplin  (MasonCooper4),positive
I write fiction. Some PR knob who writes sentence fragments on an iPad next to the Shoreditch House piss off,positive
Love this!,positive
instant message perfectly fine :D how about you fellow ken,positive
the displayport to HDMI turned up so we back on to  screens o/ 5 days to get the dual PC stream setup sorted (lol) :D,positive
pips singing let it snow crying with joy,positive
Let me eat that cake! :D :P,positive
Nah  over-rated happy  x,positive
You may draw your conclusions from any deviation from that level either in the direction of therapy or prevention,positive
Does not matter,positive
 as long as she's cool,positive
 I'll like her happy,positive
Teaser coming out today at 4pm!Story,positive
 music and direction by of my favourites by,positive
Hey everyone me and Harry have just had pancakes and maple syrup for breakfast . Great way to start the day happy  Miss you a,positive
Cheers :D,positive
thanks for the recent follow. Much appreciated happy  Want this,positive
Thanks for sharing my iris photo. I really appreciate it smile,positive
Hey thanks for being top High Value Members of last week,positive
 have a great,positive
I'm sorry but people have to  make a living happy,positive
I check Beautiful News every single day,positive
 It really is uplifting and inspiring,positive
 plus I want to win that Merc C63 silence  Sooo! happy,positive
please let me meet taehyung hiks crying with joy  really hope i could win.This is my first cover,positive
year old i am commenting on all the new ladylike videos. trust me. not a troll,positive
 just me killin time to say hey! :D,positive
celebrate Hitler's birthday! =D,positive
Just delivered my Managing the Online Customer Journey keynote at the Autodesk Partner Event. Incredible event,positive
There're time we shcj do/did something that dissapointed ot6,positive
there're time shinhwa do/did something,positive
well..human. That's all i,positive
new video out today happy,positive
Merry Christmas everyone happy,positive
big love for Anne cox happy,positive
Just a new happy,positive
Hellooo happy  Jackatkinson (jackat13),positive
thanks for the recent follow. Much appreciated happy  Get it,positive
thanks for the recent follow,positive
 much appreciated happy   Want this,positive
Thanks for having me!! :D,positive
Hellooo happy  Xbox adHatter (XboxMadHatter),positive
is the RockSoc still going? I was there at the beginning smile,positive
wow whattay decision both parties celebrating :D,positive
Free market is tops!!! Real human rights sound great to me,positive
 thanks for your articles. B,positive
Hahaa I'm second best always happy,positive
Hellooo happy  KT Bear (FFABear),positive
Superstar thanks so much for the kind words! Look forward to seeing you soon buddy smile,positive
yes... kind of funny and creepy at the same time  happy,positive
Ministers of PMLN are happy like those students who never studied for exams  luckily exams got delayed. They'll still ha,positive
If you can send me a DM with your postcode I can check a few of your local stores. Look forward to your reply happy  - Nathan 2/2,positive
Petronas blue/green isnt that far away from Billy Monger blue/green.  Just a thought happy,positive
I have tested all sweet dishes but they are not as sweet as my lovers lips :)MARVOREE MagpasikatOnShowtime,positive
Ma de tonight i don%27t really care crying with joy,positive
Had a fun welcome back to taping! first day for happy  Mainit. Pawisan. Dirty. I really miss this,positive
Oh you American cultists :D,positive
Hi Stefan :)I am pretty confident this is isolated case and I would be glad to help with it.Could you DM me,positive
Hellooo happy  PixelSavage (Pixel_Savage_Yo),positive
I feel that way about life and is what gets me through everyday in a positive mood! happy,positive
Your life is a reflection of the way you think. If you change the way you think,positive
 you change your whole life happy,positive
More kid/parent friendly spaces like this please.,positive
That would be a great trick happy,positive
Va astept la acest eveniment! :)Next events:,positive
Thanks for the recent follow Happy to connect happy  have a great Thursday.,positive
.listen to this beautiful video of her si,positive
mutual: let's talk more!me: for sure!mutual:  happy  me:,positive
happy birthday crying with joy  yoyour so so cool and i hope yoyour day goes super good,positive
Hellooo happy  CJAY (CJAY_100),positive
Thats sooooooooooooo sick!!!! xD Thanks so much for making it Kin!! I love it! :D,positive
That would be a great trick happy,positive
I think I've finally figured out the tattoo I'm getting in August :D,positive
So excited for ball to start smile    my baby is in minor B and I absolutely love watching them play,positive
Playing with the photo editor happy,positive
Thank you! happy,positive
Hellooo happy  Bluey (xBlueys),positive
I love you so much Rui-chan smile  smile,positive
Hellooo happy  Xbox adHatter (XboxMadHatter),positive
Mine isn't.  They back Jeremy 100% I'm pleased to say happy,positive
I dedicate this song to,positive
Thanks brother ,positive
stay cool ,positive
keep loving Deepika ,positive
ban ja hero :D,positive
Made new logotypes for Really fun to work on  You should follow if you want to keep yourself updated,positive
Shut up,positive
 you don't ever have to thank me J hunt,positive
 I'll always be there. Love you happy,positive
Dispo 3LANs happy,positive
laughing out loud so cuteee happy,positive
Thanks for the recent follow Happy to connect happy  have a great Thursday.  Want this ?,positive
Thanks for the recent follow Happy to connect happy  have a great Thursday.,positive
That would be a great trick happy,positive
Sir Ash Ketchum and Princess May. happy,positive
this guy got me into exo back in 2013. he was also my very first bias in kpop. to be honest i miss him so much. happy birthd,positive
Thanks for the recent follow Happy to connect happy  have a great Thursday.,positive
Hi Yolandi,positive
 thanks so much for following us! We'd love to know what you think of our flooring range happy,positive
That's the law of nature happy,positive
thanks happy,positive
Get your Own Rover :Dthey are Double Sided! check it out shipping: worldwide!,positive
Prettier 1.0 is not the end. I just released 1.2.0 that fixes another batch of edge cases happy,positive
thanks for the recent follow. Much appreciated happy  Want this?,positive
.Thanks so much for the RT,positive
 and have yourself a groovy Thursday!  happy,positive
your always welcome thank you sa treat sa susunod ako happy,positive
These are for  happy,positive
Slayin_Bodies Going Live...Please Tune In...Thank You happy,positive
Made my day! Great story happy,positive
i will do happy,positive
Thanks for the recent follow Happy to connect happy  have a great Thursday.,positive
Maybe? Definitely! happy  Also,positive
 try the front door,positive
 it may be open happy,positive
thanks for the follow,positive
 have a great week!! happy,positive
haha! i would love to work for a train company :D be a great dream come true!,positive
Dumbing down of popular entertainment is an important issue.,positive
Hey thanks for being top new followers this week! Much appreciated happy,positive
i swear sometimes it's cool to break some mutuals happy,positive
........Yeah sure happy,positive
Go to Five Below. You can get a decent protective case that's cute for 5 bucks happy  it's where I got mi,positive
Hey thanks for being top new followers this week! Much appreciated happy   Want this ?,positive
Thanks for being High Value Member  this week,positive
 Much appreciated happy,positive
I love laying in a meadow of flowers listening to Mellow's music ...a great way to relax smile,positive
not going to burst more data crying with joy,positive
Thanks for the recent follow Happy to connect happy  have a great Thursday. Want this,positive
thanks for the recent follow. Much appreciated happy   Want this ?,positive
I say keep with it. happy,positive
In case you missed it,positive
 I released a new video about game genres.RTs are super appreciated happy,positive
Thanks for the recent follow Happy to connect happy  have a great Thursday.,positive
Dude,positive
 this freaking chapter of One Piece!! It's definitely a good one! :D,positive
Who wants some good vibes? Watch this on YouTube or TV100 application now for FREE happy,positive
No worries happy,positive
Nitpicking,positive
 I know. happy,positive
and the hype is real happy,positive
FL design Done by me  Inspired from FL  Hopyou you all love it,positive
Bambam talks the most tonight :D,positive
my favorite hobby is finding the negative in a positive thing happy,positive
Hey thanks for being top new followers this week! Much appreciated happy   Want this ?,positive
Ah,positive
 sorry about that. You can always ask us to follow you so you can DM you happy,positive
after that I was charged because of the driver happy  after waiting in the sun for 10 minutes! TEN!,positive
to WIN draw for free download of for Celebrate with us. Developed by for,positive
TRUE,positive
They pinched him on a free? His quality on FM smile,positive
CSGOBOUNTY GIVEAWAY - 1 random KEY. 25 RETWEETS,positive
 random winner :D Retweet AND LIKE to be able to win happy,positive
Thanks for the recent follow Happy to connect happy  have a great Wednesday.,positive
You are welcome happy,positive
This makes a great point,positive
 I really liked  happy,positive
Superstar thanks so much for the kind words! Look forward to seeing you soon buddy smile,positive
Can you do that when player kills you. Then the player rank would show up. happy,positive
True! U can waste a day in social media and reading websites. On the other hand,positive
 idea of saying No to almo,positive
i love him so much i want to kindly stroke his penis :D,positive
Thanks,positive
 i'll give it a try happy,positive
I would say quite a lot...but hey,positive
 that's Europe,positive
 rather than the UK,positive
 isn't it? smile  Britain co,positive
YO THANK YOU FOR OVER 15,positive
515 SUBSCRIBERS!!!! :DTHE CONTINUES!,positive
Thanks for the recent follow Happy to connect happy  have a great Thursday. Want it,positive
Last retweet about happy,positive
Hello everyone,positive
 have a great Thursday! Looking forward to reading your tweets happy   Want this,positive
apr. 26th beach house! dinner+music+ party with oldies goldies happy  buffet / BBQ 40TLbeer-  wein10TL raki12.5TL h,positive
We've been selected among the top 20 Social Media blogs,positive
 woot! smile,positive
Thanks for the recent follow Happy to connect happy  have a great Thursday.,positive
I wanted $25 million and they were only offering 24. smile,positive
Give away Random RT! for a chance to win a 10USD iTunes or GP gift card! Winner will be selected in a few minutes happy,positive
Share the love: thanks for being top new followers this week happy  Get it,positive
Thanks for the recent follow Happy to connect happy  have a great Thursday.  Get FREE?,positive
Thanks for the recent follow Happy to connect happy  have a great Thursday.  Want this,positive
Thanks for being top engaged community members this week happy  (Want this? It's FREE!,positive
What a beauty he scored the other night!! Hope we get him too happy,positive
And you were there happy,positive
haha! Very good tweet mate happy  heard your a big boy account! The King shit happensould we say happy  any chance of a shit happens,positive
Thanks for the recent follow Happy to connect happy  have a great Thursday. Want this?,positive
I appreciate the sentiment but I couldn't do that. happy,positive
Younger. Softer. crying with joy,positive
Happy many days,positive
 months and years of bonding and happiness  family MCLISSE StarMu,positive
Thanks for the recent follow Happy to connect happy  have a great Thursday.,positive
I'm happy   happy,positive
Yes! With subtitles only happy,positive
Thanks for the recent follow Happy to connect happy  have a great Wednesday. Want this,positive
co,positive
Thanks for the recent follow Happy to connect happy  have a great Thursday. Get it,positive
Thanks for the recent follow Happy to connect happy  have a great Thursday.,positive
thank you! happy,positive
That would be a great trick happy,positive
thanks for the recent follow. Much appreciated happy   Want this ?,positive
Thanks for the recent follow Happy to connect happy  have a great Thursday. Want it,positive
[bot] i'm not perfect happy,positive
Retweet if you are with us? Kaway kaway family :)MCLISSE StarMusicIfWeFallinLove,positive
We have a few breweries in the UK too.... smile,positive
Thanks for the recent follow Happy to connect happy  have a great Thursday. Want this?,positive
Thanks for the recent follow Happy to connect happy  have a great Thursday.,positive
I've had it since December  my hairs stopped snapping off! It's made a massive difference! Get the,positive
Be happy,positive
 love happy,positive
That would be a great trick happy,positive
Do It Like It's Legal sweaters  ..More designs available at,positive
Great groove to this tune by and .. Thinking in Rewind,positive
Mrs King is excited to work with students today! Check out this cool classroom shape! Lots of math in here happy,positive
$ES_F $SPY  Bulls are just relentless  happy   Some setups I like today,positive
Thanks for the recent follow Happy to connect happy  have a great Thursday.,positive
Thanks for the recent follow Happy to connect happy  have a great Thursday.  Want this,positive
Thanks for the recent follow Happy to connect happy  have a great Thursday. Want this,positive
you know that the problem still exist :D,positive
Thanks for the recent follow Happy to connect happy  have a great Thursday. Get this,positive
#NAME?,positive
ngam to  weeks left for cadet pilot exam crying with joy,positive
Great! You're welcome Josh happy  ^Adam,positive
Sixth spot not applicable Team! Higher pa! :)KISSES TheFashionIcon,positive
