tweet_text,sentiment
Pak PM survives removal scare,neutral
 but court orders further probe into corruption charge. ,neutral
Supreme Court quashes criminal complaint against cricketer for allegedly depicting himself as on magazine cover.,neutral
Art of Living's fights back over Yamuna floodplain damage,neutral
 livid. ,neutral
FCRA slap on NGO for lobbying...But was it doing so as part of govt campaign? ,neutral
Why doctors,neutral
 pharma companies are opposing names on ,neutral
Why a bicycle and not a CM asked. His officer learnt ground reality -- and  a dip in a river. ,neutral
It's 2017. making law to ban And MHA is sitting on draft. ,neutral
Rivals govts unite to act against sex-determination tests. ,neutral
Haryana peasants demand justice for right to cattle trade. ,neutral
Why schools in Calcutta (and elsewhere) are stunned by imposition plan. ,neutral
Why renamed places in ,neutral
Oooh! the shame,neutral
 the trauma... of driving without the red,neutral
 flashing light. (And paying for parking). ,neutral
Now have to learn to live without that flashing red light. ,neutral
BJP leaders in the dock,neutral
 lose their light,neutral
 naming game,neutral
 and more. Also in epaper. ,neutral
UK Parliament votes by 522 to 13 in favour of early national ,neutral
April 19 1906: Nobel Laureate Pierre Curie was run over by a horse-drawn wagon near the Pont Neuf,neutral
 Paris,neutral
 and killed ,neutral
India to end culture of sirens on cars. ,neutral
From May 1,neutral
 only on vehicles: Gadkari.,neutral
No from now on cars of PM,neutral
 ministers: transport minister Nitin Gadkari after Cabinet meet. ,neutral
44 feared killed as bus falls into River Tons in Nerwa area of district: police. ,neutral
BSF dismisses Constable Tej Bahadur Yadav from service after a court of inquiry. Bad quality food allegations were base,neutral
jawan Tej Bahadur Yadav,neutral
 who took to social media complaining of bad food,neutral
 dismissed from service after inquiry.,neutral
U.S. to review lifting of sanctions on Iran: Tillerson ,neutral
Huge haul of milk-boosting hormone in Calcutta. ,neutral
Good news from it seems are thriving at Valmiki reserve. ,neutral
In Sushil Modi lists property chain. ,neutral
3 queens take centrestage. ,neutral
A peek into FIR against leaders in case. ,neutral
Spurned by mom,neutral
 this baby at Calcutta has died. ,neutral
India may make it illegal for social messaging platforms to share personal data. ,neutral
Why extradition could take ages. ,neutral
March 20. Plus 15 days. Equals...,neutral
KP Nayar on why discrediting military justice system will not help case. ,neutral
Sharad wants Gujarat CM arrested for trying to push making meat a communal issue.  ,neutral
Man shouts at wife in family court. And walks out. ,neutral
Overburdened says it may not be able to hold for college teachers this year. ,neutral
President backs move to make mandatory up to Class X. ,neutral
Nationalist trend spreads-- tightens rules to shield local jobs (and keep out Indians). ,neutral
Visa 'selfie' by CBSE's plans,neutral
 blessing,neutral
 cloud over and more. Also in epaper. ,neutral
Scotland Yard arrests in London,neutral
 but court grants him bail. ,neutral
Liquor baron declared a proclaimed offender,neutral
 on extradition warrant: Scotland Yard.,neutral
British Prime Minister Theresa May says she wants to hold early election on June 8: Reuters,neutral
 quoting BBC ,neutral
Supreme Court seeks govt's response on a plea to frame national policy to promote and ,neutral
JK: Schools  colleges shut down after clashes,neutral
 demands Presidential rule ,neutral
Beetle from grips litchi crop in ,neutral
Supreme Court asks govt to explain why need pre-censorship.  ,neutral
US NSA H.R. to arrive in today; to hold talks with NSA ,neutral
Why you should shun water at beaches. ,neutral
Having lost Kerala bypoll,neutral
 won't have to keep its promise of 'good quality ,neutral
So,neutral
 is -- and not to blame for stipend crisis faced by 4000 scholars? ,neutral
The middleman (or conman) nephew tapped to bribe election commission officials. ,neutral
Can  Air India enforce fines on unruly passengers for ,neutral
Top law advisor backs use of human shield,neutral
 but some veteran generals see breach. ,neutral
Arrest of a conman and bribe charges against nephew churns politics. ,neutral
How cloaked debate in Draupadi's robes. ,neutral
Draupadi and campuses in erupt,neutral
 politics,neutral
 and more. Also in epaper. ,neutral
CBI books 12 leaders in case. ,neutral
Supreme Court summons boss,neutral
 orders sale of slice. ,neutral
SC summons Home Secretaries of West Bengal,neutral
 UP,neutral
 Karnataka,neutral
 Tamil Nadu,neutral
 Bihar  Jharkhand for nice try filling police vacancie,neutral
Manini Chatterjee on why writings are still an indictment of India. ,neutral
Why wants paper trail in elections. ,neutral
Govt to set up panel to study service conditions of paramilitary forces. ,neutral
Amit Roy on an potboiler.  ,neutral
Muslim body lays down code of conduct during divorce,neutral
 but won't ban ,neutral
Modi's call to ensure justice for women facing evil customs.  ,neutral
PM's pitch for sisters,neutral
 board's stand on an potboiler. And more. Also in epaper. ,neutral
Why the always meets this man when he visits eastern India. ,neutral
Secessionists in and the next generation. ,neutral
In 7Days: secessionists,neutral
 tete-a-tete with a former president,neutral
 a dying language,neutral
 and more. ,neutral
Farooq Abdullah wins seat -- with just 4% of total votes. ,neutral
No govt probe yet into video on by army. ,neutral
As learns to follow rules,neutral
 funds for poor students dry up. ,neutral
From panchayat to Parliament seems to be boss Amit Shah's goal. ,neutral
Why the PM may hang out,neutral
 but you should not. ,neutral
A PM who hangs out,neutral
 lotus garden dreams,neutral
 cash lock on JNU students and more. Also in epaper. ,neutral
7 coaches of Meerut-Lucknow Rajya Rani Express derail near Rampur,neutral
 Uttar Pradesh VIDEO: ,neutral
Counting of votes for to Lok Sabha constituency begins.,neutral
What Calcutta is doing to get mom to accept her calf. ,neutral
To stress dress code,neutral
 Mecca issues picture cards. ,neutral
Security on border put at risk by trade. ,neutral
With national body meeting,neutral
 readies stage for 2019. ,neutral
6 features of extended stay in ,neutral
BSP boss is not averse to joining forces with non-BJP parties. ,neutral
Army under fire after alleged tactic in  ,neutral
The untold love story of and Ayesha Mukherjee. ,neutral
Vile tactic in Valley,neutral
 a love story,neutral
 a giraffe spurns its calf,neutral
 Gandhi  Champaran,neutral
 and more. Also in epaper. ,neutral
Man seen tied to army jeep in video from JK identified,neutral
 while the unit involved was PTI,neutral
 quoting officials,neutral
3 arrested in connection with of men on polling day in Budgam on April 9: Police.,neutral
Hijacked Indian Dhow Al-Kausar released ,neutral
Good show by pales next to 329% jump in imports. ,neutral
Transparency in Looking for India's ranking? Start at the bottom. ,neutral
How to stop (and loot) a express with just a coin. ,neutral
States rename roads to duck ban on but top court won't step in till after summer break. ,neutral
Research seats at hit again as regulator tightens rules for guides. ,neutral
How lost its deposit in Rajouri Garden stronghold. ,neutral
In Bengal Trinamool vote share goes up,neutral
 but surges to runner-up slot. ,neutral
3 men die trying to save friend from on  ,neutral
What results mean for others. ,neutral
Half full,neutral
 half empty for cloud over research,neutral
 breather for highway booze,neutral
 and more. Also in epaper. ,neutral
Setting up court at home,neutral
 Justice asks Chief Justice of India,neutral
 bench to appear before him. ,neutral
Dargah Trust volunteers in SC to clear in 908sq metre.,neutral
President clears for pieces of supporting legislation related to ,neutral
By-polls: retains Kanthi Dakshin,neutral
 retains assembly seat ,neutral
7% voter turnout in Kashmir's re-poll ,neutral
All you need to know about Election Commission's 'open challenge' to hack ,neutral
Foreign journalists in North Korea gather for 'big event' amid tensions ,neutral
Rehearsing for and more. In our Guwahati epaper. ,neutral
Cops dug out these to  healers who were buried alive for practising ,neutral
Bihar sets Rs25lakh fee for who skip after subsidised education. ,neutral
A visit to retracing trip. ,neutral
Why may not show in ,neutral
Did the Supreme Court chicken out while deciding on ,neutral
How (but not failed govt's birthplace test. ,neutral
10 years,neutral
 Rs 42 crore needed to repair damage to floodplain from event. ,neutral
Try hacking India's Election Commission challenges all. ,neutral
never wanted cows to become  a burden on farmers,neutral
 Pawar points out. ,neutral
Bounty on Savarkar on Yamuna damage bill,neutral
 Sita's birthplace,neutral
 and more. Also in epaper. ,neutral
20 IAS officers in including Principal Secretary Information Navneet Sehgal,neutral
 transferred in 1st major shuffle by ,neutral
Centre moves against Supreme Court verdict lifting shield. ,neutral
Crusader pleads for saving ,neutral
Sangh puts up show of strength in ,neutral
India,neutral
 to look beyond defence during visit. ,neutral
Murder of Pune activist fuels fears against revived UPA clause in law. ,neutral
In few tears for father of 3 killed by stones. ,neutral
Sukanta Chaudhuri on and what it means for Indian ,neutral
scraps pension yojana. Cycle tracks may also be broken,neutral
 say sources,neutral
Subir Bhaumik on why in should worry Calcutta,neutral
 Guwahati. ,neutral
Even benchmark for pro-poor leader seems to be ,neutral
How had offered India consular access to ,neutral
Pak terms for access,neutral
 model for Modi,neutral
 activist is killed,neutral
 and more. Also in epaper. ,neutral
Defence Partnership ,neutral
Preliminary enquiry by against Health Minister for alleged money laundering.,neutral
Menu at dinner: praise for And more praise. ,neutral
Why body will not pull up either or ,neutral
Chain of wrong drugs. No senior doctor to check. Then death. All this at Delhi.  ,neutral
What to  men said when cops found carcass in car boot... ,neutral
How bypoll was put off-- on ruling combine's request. ,neutral
Admission of defeat in Kashmir,neutral
 tougher road laws,neutral
 Leander and Mahesh get away,neutral
 and more. Also in epaper. ,neutral
PM and Australian PM at Temple ,neutral
Pak court sentences to death for spying. ,neutral
Lok Sabha adjourned for 3rd time till 1.50pm as Opposition uproar over leader Tarun Vijay's remarks continues. ,neutral
Cong forced to  adjournments in pre-noon session over alleged misuse of ED and CBI against opposition Chief Ministers.,neutral
The How and Why of (or,neutral
 how not to bore your friends). ,neutral
Few takers in for Mamata's Torsa plan. ,neutral
Govt mulls giving power to award to teachers. ,neutral
Some see hope in comments. ,neutral
Not  a girl reared by monkeys,neutral
 after all. ,neutral
Fewer Pollution,neutral
 paddy fields could be to blame. ,neutral
8 killed in election violence,neutral
 record low turnout. ,neutral
Road safety crusader to fight bid to bypass order on highway ,neutral
Badly equipped surgery,neutral
 panic and deaths. At India's top hospital. ,neutral
Killed in deaths in not girl after all. And more. Also in epaper. ,neutral
Indian Navy Ships respond to Piracy Attack on Foreign Merchant Vessel in Gulf of Aden ,neutral
All you need to know about 2017 across eight states VIDEO: ,neutral
3 killed,neutral
 several injured as mobs storm polling booths; Low 3.3 % turnout till 11 am ,neutral
Mukul Kesavan on how  justifies even though it controls the machinery of the state. ,neutral
We,neutral
 the People of are going back to a economy,neutral
 numbers show. ,neutral
No supporting any activity that is violent...against the law: Ram Madhav.  ,neutral
India has changed,neutral
 the has to re-invent itself,neutral
 Ram Madhav tells ,neutral
3 quaint digs for those on a budget (or even less). ,neutral
full interview inside in 7 Days. ,neutral
Calcutta's suddenly cannot have enough of mother's dishes --but outsourced from outlets. ,neutral
There is no barometer for patriotism,neutral
 Ram Madhav tells in a wide-ranging interview. ,neutral
In 7 Days: QA with Ram Madhav,neutral
 road to economy,neutral
 home-cooked food,neutral
 and more. ,neutral
A to tackle less wheat,neutral
 mangoes,neutral
 chicken; more pulses,neutral
 veggies,neutral
 mutton,neutral
 ,neutral
Govt to go after militants with 'utmost harshness',neutral
 Ram Madhav tells ,neutral
5640 is less than 155 in world,neutral
 as she opts for over ,neutral
Modi promises early deal. But... ,neutral
Modi takes plunge,neutral
 Raje's Stock-home syndrome,neutral
 strategy,neutral
 and more. Also in epaper. ,neutral
Andhra govt to turn a into a museum. ,neutral
for private airlines follow in revoking flying ban on Sena's ,neutral
Man arrested over truck deaths suspected to have carried out attack.,neutral
22 agreements signed,neutral
 but water pact remains elusive for India,neutral
 ,neutral
Vijayvargiya dares to arrest leaders. ,neutral
Theme village on or a sanctuary? ,neutral
Reservoirs to financial deal,neutral
 works on options to get backing on ,neutral
Sunanda K Datta-Ray on why political ethos must be faulted for the racist attacks on students. ,neutral
How lawmaker ticked 3 boxes: supremacist,neutral
 upper-caste,neutral
 Hindi-belt party. ,neutral
Modi's gesture for BJP's spot,neutral
 Air India lifts no-fly ban on MP,neutral
 and more. Also in epaper. ,neutral
In stone-pelters miss Mehbooba's brother but he gets the message. ,neutral
A tale of to  prime ministers,neutral
 told by GST. ,neutral
Modi had tested waters with letter to on ,neutral
As lands in Delhi,neutral
 an untold story of how Pranab Mukherjee nixed plan to unseat her. ,neutral
Close shave for passengers of and planes at Delhi airport. ,neutral
What Sushma forgot in racism sermon: Modi,neutral
 MMS too had cried racism while Oz was probing Indian attacks  ,neutral
Supreme Court asks 6 states to explain why vigilantes should not be banned. ,neutral
Perfectly happy with the players we've got,neutral
 Sanjiv Goenka tells ,neutral
Bengal in a fix over bars: pay for repairs,neutral
 or let take a hit? ,neutral
How sword-wielding processions left gaping. ,neutral
5 kids orphaned: their parents were branded and hacked to death. ,neutral
Air India to tighten security at Mumbai  Pune as threatens to stall airline's operations there. ,neutral
RBI keeps policy rate unchanged at 6.25%.,neutral
Sena's apologises in Parliament,neutral
 but won't say sorry to man he had assaulted. ,neutral
China lodges protest with India's Ambassador in Vijay Gokhale over the visit to Arunachal Pradesh: Foreign Ministry.,neutral
No Change in word limit in RTI queries; no application will be rejected only on the ground of containing more than 500,neutral
KP Nayar on why Narendra Modi can be satisfied with his policy. ,neutral
In court's limit of 500m leaves very few watering holes (and is dry). ,neutral
Voting pattern shows cofounder,neutral
 wife were split over COO ,neutral
What did for some stretches of highways (to save bars?). ,neutral
Riddle over 'formerly' tag on collection. ,neutral
Mystery over art,neutral
  roads,neutral
 what 500m is in And more. Also in epaper. ,neutral
Trump repeals Obama-era broadband rules. ,neutral
High Court orders govt to waive of all drought-hit farmers. ,neutral
India's old ties with should continue to be nurtured,neutral
 says Kanwal Sibal. ,neutral
Bengal looks at ways to change classification of to bypass order. ,neutral
After SC ban,neutral
 worries about unsold stocks. ,neutral
UP: to hold his 1st cabinet meeting today,neutral
 big decisions expected,neutral
Trump signs repeal of U.S. broadband privacy rules ,neutral
A initiative helps generate shield in Sundarbans. ,neutral
India plans to deport refugees. ,neutral
Education rankings throw up surprises. ,neutral
After attacks,neutral
 envoys upset by silence of and ,neutral
Why African envoys are upset,neutral
 best colleges and varsities,neutral
 ill-fitting dentures,neutral
 and more. Also in epaper. ,neutral
To know about the safety features of watch special interview with Dr. Ajay Bhushan Pandey,neutral
 CEO today at 7,neutral
Mohandas Pai backs Murthy against COO pay hike. ,neutral
Somali grab Indian with 11 crew members. ,neutral
Corrected. Thanks.,neutral
Poll data show still rules the roost in ,neutral
BIG STORY: African envoys slam Indian govt for not condemning Gr Noida attack enough; say no visible,neutral
 sufficient measures,neutral
MCD polls: releases second list of 127 candidates,neutral
Daddy dearest,neutral
 grooming season dawns in Madhya Pradesh ,neutral
SC to hear petition challenging Bombay HC order on beef ban,neutral
Keeping an eye on your house,neutral
 fixing iPhone storage issues and more. in ,neutral
Why India is not ready for manipulation in human embryos. ,neutral
Virulent are going against India's culture (and census),neutral
 says Manini Chatterjee. ,neutral
Son of chief minister reveals his political ambition. ,neutral
Why should only private doctors face punishment? ,neutral
How is going against the wave of transparency in ,neutral
India's opaque law,neutral
  Bengal wishlist,neutral
 virulent and more. Also in epaper. ,neutral
The timeline. ,neutral
diary items  ,neutral
What do religious have against atheists and ,neutral
At Balagarh in the dying art of ,neutral
Generation to generation,neutral
 indignation remains well-fed,neutral
 writes Sonia Sarkar. ,neutral
A few reasons to celebrate the uncelebrated,neutral
 and sing the song of the sullied. ,neutral
In UP,neutral
 carcasses found at home of govt doctor into drugs. ,neutral
In 7 Days: Kashmiri indignation,neutral
 Begum Jaan,neutral
 vanishing boatmakers,neutral
 and more. Also in epaper. ,neutral
What happened to restaurants along highways after ban on bars. ,neutral
Flutter at trial raises fresh scare about accuracy. ,neutral
Bypassing highway ban,neutral
 trial raises rigging fears,neutral
 killers to hang,neutral
 and more. Also in epaper. ,neutral
Why Sena lawmakers are opposing harsher steps for those assaulting public servants. ,neutral
Delhi Police has arrested MD Ajay Chandra for not developing a project despite getting funds from investors. ,neutral
ED finds leader Chhagan Bhujbal's connection with shell companies after conducting raids in and ,neutral
convoy attacked on Parimpora-Panthachowk bypass in Police,neutral
These are things that will get cheaper  costlier for you from April 1 ,neutral
Saha's preference: One-dayers  T20s ,neutral
Ram Guha on what he finds outstanding about Shivshankar Menon's book Choices. ,neutral
How theatre festival got muffled. ,neutral
In case for costs NGO a contract for soup kitchens. ,neutral
How to win friends and influence people. With cows. ,neutral
For first time in 3 decades,neutral
 rate falls below 8%. ,neutral
Scientists build case for against bites,neutral
 contact. ,neutral
India's Supreme Court shuts highway booze hatch. ,neutral
How became a avenger with no mercy. ,neutral
Gujarat turns avenger,neutral
 prices slashed,neutral
 case for bat and more. Also in epaper. ,neutral
8 core sectors slow down to 1% in Feb 2017 against 9.4% in Feb 2016. ,neutral
Govt cuts rates on schemes marginally. ,neutral
Two Indians kidnapped in South Sudan released,neutral
Justice faces Supreme Court,neutral
 gets for weeks to reply in case. ,neutral
India using to tackle insurgents. ,neutral
India readies $5bn credit line for as backup. ,neutral
No relief yet for sellers in ,neutral
In new TV channel's bedroom journalism on trial. ,neutral
India rushes to put out fire. ,neutral
7 Indian to scrap tags for handbaggage. ,neutral
Supreme Court may hear key cases during summer break. ,neutral
Apex court puts work first,neutral
 hotel fire in Calcutta,neutral
 bedroom journalism on trial,neutral
 and more. Also in epaper. ,neutral
NGT punches holes in Delhi fuel supply chain with ban on old tankers.  ,neutral
Z-plus cover for Uttar Pradesh Chief Minister ,neutral
Not a single idea from Opposition on clean says ,neutral
Make in built in Westward ho! for Calcutta estate. Read ,neutral
No stamping  tagging of fliers' hand baggage at 7 major from April 1. ,neutral
52 injured as Jabalpur-Delhi train derails near half train carries on after delay. ,neutral
Latest attacks on African students threaten India's most intense diplomatic outreach to continent ,neutral
The first group of locals came forward yesterday with cakes and cards for african victims of racist mob violence ,neutral
WHO in drive to check errors. ,neutral
UGC extends funding scheme for ,neutral
Eight coaches of derail near station in Uttar Pradesh,neutral
 nine injured: CPRO North Central Railway.,neutral
SC to hear various petitions on the Constitutional legitimacy of today ,neutral
When protestors in began trying to rescue trapped ,neutral
Did just bring into the sharing issue? ,neutral
to  days to sell 96000 trucks  buses,neutral
 670000 bikes,neutral
 16000 cars and 40000 autos.  ,neutral
824000 new vehicles trashed,neutral
 home truths,neutral
 Dhaka talks Chinese and more. Also in epaper. ,neutral
Music legend will receive his diploma and medal in Stockholm in the next few days,neutral
,neutral
Nashri Tunnel: PM to inaugurate India's longest road tunnel VIDEO: ,neutral
Toshiba approves Chapter 11 filing for nuclear unit Westinghouse: Nikkei ,neutral
On epic migration  campaign that ended its slaughter in pit stop. ,neutral
Abha Narain Lambah on her mission to restore Capitol Complex in ,neutral
Only to  ways to tackle world's says Prabhat Patnaik. ,neutral
Fear and outrage among students from in Delhi,neutral
 ,neutral
In varsity,neutral
 mood is against communalism,neutral
 and hijabs stand for not radicalisation.  ,neutral
Militant wing welcomes but asks him not to speak against ,neutral
3 shot dead in as protestors try to rescue ,neutral
For this visiting Prime Minister,neutral
 spell endures. ,neutral
Perch on the peak,neutral
 African hunt in Noida,neutral
 Kabali's spell,neutral
 and more. Also in epaper. ,neutral
This mighty Albatross carried missile torpedoes,neutral
 depth charges  sonobuoys.Pse note the 'msl-torp' getting released,neutral
going through paces of decommissioing. Very poignant moment for IN/ air arm - to  give a send off to  a true War Horse,neutral
attacked in Five arrested,neutral
 CM assures impartial probe ,neutral
Ashok V Desai notes that is yet to say a word on whether achieved its goals. ,neutral
Govt looking at getting Sena MP out of list. ,neutral
What Supreme Court said about welfare schemes and proof. ,neutral
India's force wants 20 MPs named and shamed for antics. ,neutral
44 days of extreme That's the prediction for ,neutral
Heat wave coming,neutral
 handling bullies,neutral
 and welfare,neutral
 and more. Also in epaper. ,neutral
A 7-judge bench has to be set up to hear the pleas challenging but right now it is not possible: ,neutral
Govt,neutral
 however,neutral
 cannot be stopped from using in other schemes like opening of bank accounts,neutral
 says ,neutral
Government cannot make mandatory for extending benefits of its welfare schemes: ,neutral
Manini Chatterjee on how the is adopting all the of the of yore. ,neutral
Life in a dark corner of has become magical after villagers got their 1st this year. ,neutral
When gave this MP a bus all to himself to board flight...as 'goodwill' ,neutral
Ignorance and shape Indians' attitude towards ,neutral
Some diplomats worry over choice of as chief minister. ,neutral
MP Sushmita Dev's plea to keep out of takes wings online. ,neutral
BJP's flagging campaign,neutral
 and Modi's comment. ,neutral
Envoys  worry over India and taxing sanitary napkins,neutral
 clue,neutral
 and more. Also in epaper. ,neutral
The iconoclasm of Carnatic exponent and how he is moving beyond the the artificial boundaries. ,neutral
For Matthew Hayden,neutral
 India versus Australia is Holyfield versus Tyson ,neutral
Puritans and critics be damned,neutral
 is effective and his figures show that. ,neutral
What means to Mathew Hayden. ,neutral
Sajeda Momin on why as CM is a logical milestone of the death of the ,neutral
On electile dysfunction (among losers),neutral
 the case for and electoral reforms. ,neutral
How self-belief has kept him on top of the game. ,neutral
Despite its IT edge,neutral
 can't defend its digital assets from ,neutral
How TM Krishna took beyond fixed formats,neutral
 venues and audiences. ,neutral
In 7Days: cricket's commoner prince,neutral
 Adityanath's rise,neutral
 Calcutta's timekeepers,neutral
 and more. ,neutral
The tick-tock brotherhood that keeps Calcutta's old running. ,neutral
How 4000 Punjab cops spent night preventing by filling breach in wall with ,neutral
Cash rewards likely for doctors following correct protocol. ,neutral
Why India is trying to seal with  ,neutral
Can a man equated with the Great Leap backwards talk of asks Mukul Kesavan. ,neutral
Centre overrides Bengal,neutral
 sets 1 for 800,neutral
000 seats across 3400 colleges. ,neutral
KP Nayar on why failure to repeal is a wake-up call for him. ,neutral
Wake-up call for Trump,neutral
 progress or the Great Leap backwards,neutral
 electile dysfunction,neutral
 and more. Also in epaper. ,neutral
Development of all,neutral
 appeasement of none is the policy of my govt,neutral
 says UP chief minister Yogi ,neutral
Delhi CM put on trial in a criminal defamation case filed against him by Union Minister Arun Jaitley in matter.,neutral
UP female cops take selfies while guarding acid attack victim in hospital,neutral
 suspended ,neutral
Sunanda Datta-Ray on the journey from light to ,neutral
Modi govt to consult on before talking to ,neutral
Car sales recover from in all regions -- barring east and  ,neutral
Shashank Manohar to stay on as chairman till June meet. ,neutral
In Bengal,neutral
 made to trek 2km to fetch water for ,neutral
What industrialists did when asked them a question on ,neutral
So,neutral
 and share a bugbear. ,neutral
Why a list may not be a good idea. ,neutral
India's list,neutral
 quiz for industry,neutral
 common bugbear for India and and more. Also in epaper. ,neutral
ED issues notice to for violation of provisions to the tune of Rs 73 crore in IPL.,neutral
Vistara joins for pervert airlines in call for list after assault on Air India manager by MP ,neutral
Supreme Court asks poll panel if security of needs to be tested,neutral
 as petitioner wants. ,neutral
After assault on Air India manager,neutral
 MP put on no-fly list by for pervert airlines as well. ,neutral
Twitter explores premium version after 11 years as a free service ,neutral
India's to go in 6 months. ,neutral
Administrators named for cricket body. ,neutral
Govt drops plan to slip in pseudo ,neutral
1st round of talks held,neutral
 without hawks. ,neutral
In Lucknow,neutral
 the famed has to conform. ,neutral
Lucknow's falls,neutral
 guns for BJP,neutral
 govt ducks call for vote verifiers,neutral
 and more. Also in epaper. ,neutral
Unruly behaviour and violence on our aviation network is regrettable. Each such incident will be investigated and appropri,neutral
7 arrested in attack case; police see link. ,neutral
UPDATE: British police arrest seven in probe into attack on ,neutral
7 arrested in attack probe. ,neutral
British police probing background of terrorist. ,neutral
Bombay High Court directs protesting resident in to resume duty immediately,neutral
Swapan Dasgupta on how elections have dashed hopes that would weaken. ,neutral
People wanted to buy in bulk from govt,neutral
 take it home to...well,neutral
 Nitish is not stupid.  ,neutral
In UP ministry,neutral
 keeps 36 portfolios for himself. ,neutral
In Bihar meet,neutral
 to  ask questions-- and get to spend 6 hours with cops (but no answers). ,neutral
40,neutral
000 join the 4500  already on in after assaults. ,neutral
Despair at after research seats are slashed. ,neutral
7 in car crushed under tanker carrying molten tar. ,neutral
How govt slipped in secrecy clause over by companies. ,neutral
Attack on Westminster,neutral
 cash cloak for parties,neutral
 molten tar wipes out family,neutral
 and more. Also in epaper. ,neutral
LIVE: British police say there are casualties,neutral
 including police in attack near UK parliament; cannot confirm number. ,neutral
The today doubles Annual contracts of India cricketers to Rs to  crore,neutral
 Rs 1 crore and Rs 50 lakh respectiv,neutral
TN farmers in skull protest in Delhi ,neutral
UP CM bans paan,neutral
 chewing in govt offices,neutral
 hospitals,neutral
 schools,neutral
 colleges --for a healthy ,neutral
Ugly high-rises are taking over while grand structures are being ignored,neutral
 bungalows razed. ,neutral
Committee constituted by the Ministry has recommended that city taxis should be allowed to run on App Based platforms. ,neutral
Chief Minister bans paan masala,neutral
 gutka,neutral
 polythene in all government offices in ,neutral
Has just ordered a ban on all  ,neutral
Who drafted challenge to high court order in case,neutral
 bureaucrats wonder. ,neutral
With 84% cut in research seats,neutral
 most elite centres (including will have no intake. ,neutral
Crude 'architecture' is taking over the world's only city with for buildings by ,neutral
Crude buildings are taking over the only city in the world with for iconic buildings by ,neutral
Anti-Romeo squad starts in Lucknow VIDEO: ,neutral
Effigies burn on JNU strike after 84% research seat cut and affirmative action junked ,neutral
KP Nayar on why,neutral
 for the way to Europe lies through ,neutral
After steps in,neutral
 Bihar to tell why govt rejected an idea. ,neutral
How slashed research seats,neutral
 why is key to Europe,neutral
 revisited,neutral
 and more. Also in epaper. ,neutral
SC issues notices to Centre,neutral
 Election Commission on plea seeking scrapping of and other benefits given to ,neutral
I'm one year younger to  one year elder to in ,neutral
Govt proposes limit of Rs to  lakh on down from Rs 3 lakh as proposed in ,neutral
Supreme Court says final hearing of disputes case from July 11.,neutral
Supreme Court says it will auction Aamby Valley project if money is not paid by and others.,neutral
Supreme Court takes on record 'unqualified apology' tendered by Bengal counsel,neutral
 dismisses plea as withdrawn. ,neutral
Supreme Court terms as 'unfortunate' the grounds cited by Bengal govt in its plea against HC order asking CBI to take over case,neutral
Supreme Court refuses to stay CBI probe into sting in which several leaders were allegedly caught on camera taking money.,neutral
to visit today for the 1st time after taking oath as UP CM ,neutral
inhe sikhaiye!!! MSY requests to teach ropes of politics..,neutral
Patna zoo to sell nesting boxes for ,neutral
Patna's tires out machine. ,neutral
Protein from an Australian venom may help victims recover faster. ,neutral
Why choice of as CM is giving UP the jitters. ,neutral
BJP rushes to shake off upper-caste tag. ,neutral
In village,neutral
 headmaster finds truant kids harvesting crop. ,neutral
So,neutral
 has agreed to teach the ropes? ,neutral
A tutor for kids roped in for harvest,neutral
 a telecom giant is born,neutral
 and more. Also in epaper. ,neutral
Britain to trigger Brexit on March 29: ,neutral
Govt to merge Bharatiya Mahila Bank with for greater services outreach to ,neutral
High Court grants stay on criminal proceedings against minister in case filed by MLA Mohua Moitra.,neutral
the agitation is delayed by 15 days. The trouble will soon come.. ,neutral
BSP leader shot dead late last night,neutral
 murderers at large,neutral
4000 migrated in 2015 to shield their capital. ,neutral
After 65 years,neutral
 Bengal unit of finally gets a full-time chief. ,neutral
No,neutral
 minister,neutral
 there is no project from India to test on the ,neutral
Haryana's have called off march to and siege of  Parliament. ,neutral
Yogi vows to work for all. ,neutral
After the BJP is certain it can get away with anything,neutral
 says Manini Chatterjee. ,neutral
After mass bunking,neutral
 orders a weekly for all trainees. ,neutral
Fans of see him as a future PM. ,neutral
Yogi as PM,neutral
 Sunday holiday for recruits,neutral
 on the Moon. And more. Also in epaper. ,neutral
Give a trial run for to  months,neutral
 says ,neutral
tells to give 2-month trial run. Also disagrees is a vote for ,neutral
Centre mobilises 247 companies (about 24,neutral
700 personnel) of paramilitary forces in Haryana,neutral
 Delhi  Uttar Pradesh in view of ,neutral
government okays 33% reservation for women in state jobs ,neutral
Yogendra Yadav on the future of India under why get it wrong,neutral
 and more. ,neutral
What does it take to be a in the eyes of the ,neutral
Parties led by can't seem to look beyond family for top posts.  ,neutral
In 7 Days: The BJP's 'good dynastic parties,neutral
 Bengalis get their local again,neutral
 and more. ,neutral
set to take oath as UP CM today,neutral
  to be sworn in as Deputy CMs ,neutral
BJP sees stamp missing in choice. ,neutral
How BJP sold development -- and then sprang a hawk. ,neutral
Former captain Michael John Clarke on strengths of a team,neutral
 leadership and more. ,neutral
In a BJP govt with faces. ,neutral
The graveyard echo in choice as chief minister. ,neutral
BJP stuns with UGC letter a forgery,neutral
 doctors split over Bengal Bill. And more,neutral
 also in epaper. ,neutral
Yogi to be sworn in as chief minister on Sunday afternoon. ,neutral
Yogi Adityanath arrives at the venue of meeting of MLAs amid talk that he will be named chief minister,neutral
'Shocked' by HC order on handover to CBI,neutral
 vows to move Supreme Court. ,neutral
to retain TV innings. ,neutral
Whatever India offers the biggest issue is ,neutral
Calcutta HC sends case to CBI. ,neutral
How went to meet ,neutral
How Rahul met HC gives to CBI,neutral
 dig at Amartya,neutral
 and more. Also in epaper. ,neutral
HRD to stop funding research on  social exclusion,neutral
 report  ,neutral
The oath taking of new UP CM  to take place at 5 pm on Sunday: Keshav Prasad Maurya ,neutral
HC directs to conclude preliminary inquiry within 72 hours and register FIR,neutral
 if required.,neutral
Calcutta High Court orders to probe sting operation.,neutral
No serious concerns regarding India captain 's shoulder injury,neutral
 says ,neutral
Cloud over state boss Keshav Maurya's chances of becoming chief minister. ,neutral
most likely to be elected as UP CM: Sources ,neutral
India urges to talk to ,neutral
What zoo is doing to mark ,neutral
100,neutral
000 in villages are taught to Google designs,neutral
 recipes  skills. ,neutral
HC scraps plea against JNU norms. Seat cuts,neutral
 100 per cent viva to follow ,neutral
After surprise resignation by boss Manohar,neutral
 back to square one. ,neutral
What happened to promised funds for ,neutral
Sudden blaze destroys bungalow. ,neutral
No Some Bengal traffic cops do the with pen and  paper. ,neutral
Leaving out has weakened travel ban order for Muslims,neutral
 KP Nayar says. ,neutral
Funds fear on research,neutral
 too hot,neutral
 death on 1st solo trip and more. Also in epaper. ,neutral
Newly elected MLAs to meet in Lucknow on Mar 18. ,neutral
New Delhi: Health Minister briefs Media on LIVE: ,neutral
protected against tampering/manipulation: Election Commission ,neutral
Elaborate system in place to prevent misuse of EVMs: Election Commission ,neutral
NIA takes over investigations into Bhopal-Ujjain  train IED blast case,neutral
 takes custody of 3 accused from Bhopal police ,neutral
No merit in claims that can be tampered with; such allegations are wild and baseless: ,neutral
Navjot Singh Sidhu sworn in as a cabinet minister of govt,neutral
 greeted by CM Captain Amarinder Singh ,neutral
Capt Amarinder Singh takes oath as 26th Chief Minister of Watch LIVE:  ,neutral
British DHC Bruce Bucknell with Institute of Entrepreneurs Head Manoj Das discussing skill devt in NE at ,neutral
Akhilesh to meet newly elected SP MLAs today,neutral
 to decide on new legislative party leader  future course of action. Will also,neutral
With 22 in support,neutral
 CM to prove majority in assembly today.,neutral
Why will be a smooth affair for today ,neutral
When a man took his neighbour to court over pet dogs that bark at night-- and judge is a ,neutral
Regimes changes. Bullying of police officers does not. ,neutral
How returned to a warm welcome in ,neutral
Boss of India's largest cautions against waiving ,neutral
Laws cannot replace the trust and compassion between and ,neutral
Amit Chaudhuri on and why it is hard to give up the experience of pleasurable pain. ,neutral
Subir Bhaumik on how has cast a shadow over India's ties with ,neutral
Shashank Manohar quits And how! ,neutral
How boss quit,neutral
 caution on loan waivers,neutral
 arson on film sets,neutral
 and more. Also in epaper. ,neutral
Govt seems to have slipped in an in Budget2017. ,neutral
Govt seems to have slipped in an in Budget2017. ,neutral
Rohith's buddy's autopsy caught in distrust ,neutral
Rape-accused leader Gayatri Prajapati nabbed --after roaming in Delhi,neutral
 Gurgaon and Bengal. ,neutral
Municipal in to be held on April 22: State Election Commission,neutral
Manohar sworn in as chief minister of ,neutral
CM demands conducting MCD polls via ballot paper in place of EVMs ,neutral
SC refuses to stop from becoming CM,neutral
 but calls floor test. ,neutral
Finance minister has been given additional charge of ministry of Rashtrapati Bhavan,neutral
Shri Arun Jaitley shall be assigned the charge of the Ministry of Defence,neutral
 in addition to his existing portfolios,neutral
has accepted the resignation of Shri Manohar Parrikar from the Council of Ministers with immediate,neutral
FinMin Arun Jaitley given additional charge of Defence Ministry following Manohar Parikkar's resignation: Rashtrapati Bhav,neutral
No limits on cash withdrawals from today ,neutral
Parrikar resigns as defence minister,neutral
 to be sworn in as chief minister tomorrow. ,neutral
The Hindu undercurrent that led to surge. My story from Feb.  ,neutral
Raj Bhavan denies reports of calling any party to form the government.,neutral
Governor asks Congress CM Okram Ibobi Singh to resign so that process of formation of next govt can be started.,neutral
walks; leaders bow before the 'Nayak'. My story  ,neutral
In this mandate,neutral
 I see a new Highlights of PM speech at BJP HQ ,neutral
Oil prices hit three-month low as U.S. rig count climbs ,neutral
Assam lawmaker wants national body to save the ,neutral
200000 people turned up at in Bolpur for its famed ,neutral
Hardest interview of my life,neutral
 says of her bid to enter ,neutral
Here's BSP theory on why with 71% population voted BJP. ,neutral
People don't want handouts,neutral
 they want says at victory rally. ,neutral
Modi says people don't want handouts,neutral
 Malala's Oxford entry,neutral
 reverse polarisation and more. In special epaper link. ,neutral
No print edition today,neutral
 but the same look at epaper at special link. ,neutral
Match referee and umpires went by the book,neutral
 says ,neutral
After BJP claims voters have risen above ,neutral
How has strengthened a sense of belonging among Calcutta's ,neutral
Hiring people for a task in which they have an edge. ,neutral
The consolidation of independent 2nd countrywide political entity. ,neutral
In 7Days today: BJP's expanding footprint,neutral
 taking up gatka,neutral
 Brit-bashing,neutral
 hiring blind employees. And more. ,neutral
U.S. Attorney Preet Bharara is fired after refusing to quit. More here: ,neutral
Yogi Adityanath or Keshav Prasad Maurya,neutral
 know the names of who can possibly be next UP CM VIDEO: ,neutral
Time for Modi's reforms. ,neutral
Piyush Srivastava looks at the stunning victory in ,neutral
Should be a black mark on report card?  ,neutral
How became demonetised notes in ,neutral
Why victory may be bad news for ,neutral
Mukul Kesavan on BCCI and the curious case of versus Steve Smith. ,neutral
How magic combined with organisational strength brought back 1-party system. ,neutral
How Modi won UP,neutral
 dynasties demonetised,neutral
 what the numbers say,neutral
 and more. Also in epaper. ,neutral
After 15 years,neutral
 BJP captures in record show. ,neutral
Congress wins 77 seats in 117-member assembly,neutral
 1 short of two-thirds majority.,neutral
BJP (13 seats) fails to get majority in Congress emerges single largest party bagging 17 seats in 40-member House.,neutral
I congratulate Shri. Narendra Modi and the BJP on their victory in Uttar Pradesh  Uttarakhand,neutral
l Congratulate people of UP,neutral
 we respect and accept the verdict: AIMIM chief ,neutral
l reaches Raj Bhavan in to tender resignation as UP CM ,neutral
 I CM Laxmikant Parsekar tenders resignation. He lost to seeandidate Dayanand Sopte from see,neutral
 I want to quit fighting any type of election: Irom Sharmila after losing her maiden election in (ANI),neutral
| I can understand the state ohf mind ohf ji right nohw. Hence,neutral
I dohn't want toh cohmment ohn it: Amit Shah oh,neutral
| chief press conference to begin shortly. Stay tuned.  ,neutral
gets majority in 117-member wins 59 seats,neutral
 leading in 18 other seats.,neutral
As BJP heads for landslide win in Samajwadis concede defeat but Mayawati wants fresh polls using paper votes. ,neutral
UPDATE: Manhattan attorney Preet Bharara was asked to resign along with other Obama-era U.S. attorneys - DOJ. ,neutral
What Jharkhand body has been doing to upgrade pitch for test. ,neutral
Manipur Assembly Election Result Live: Congress ahead in 6 seats ,neutral
We will accept the people's mandate,neutral
 says SP leader Shivpal Yadav ,neutral
 l  Uttar Pradesh (leads/trends) 373/403 264 70 27 Others 12 ,neutral
What Jharkhand body has been doing to upgrade pitch for test. ,neutral
How has become epicentre of industry in Bihar. ,neutral
In upright cop has his son arrested. ,neutral
Forecast for wet Dol (Sunday) and dry (Monday). ,neutral
Army chief's words ring in pellet-hit boy's ears. ,neutral
(leads/trends) 05/70 BJP: 3 CONG: to  Others: 0 ,neutral
(leads/trends) 26/117: BJP/SAD: 3,neutral
 CONG: 17,neutral
 AAP: 6,neutral
 Others: 0,neutral
Uttar Pradesh (leads/trends) 103/for03 55 26 18 Others for ,neutral
Foreign policy must be rooted in ethics,neutral
 Sunanda Datta-Ray says  as lines up visit to  ,neutral
Get all the latest  fastest updates on throughout the day here: ,neutral
Facing arrest warrant,neutral
 high court judge again plays card. ,neutral
117 acquitted,neutral
 13 held guilty in murder.  ,neutral
These will be ready long before winners are named. ,neutral
13 guilty in murder,neutral
 laddoos  winners,neutral
 1st warrant for judge,neutral
 and more. Also in epaper. ,neutral
India's production grew by 2.7% in January. ,neutral
Govt says Reliance and have tendered apologies for using Prime Minister's picture in their ads without permission.,neutral
Supreme Court issues arrest warrant to get high court judge to face case. ,neutral
How broke ranks with other bodies in east,neutral
 again. ,neutral
Winners of awards at The Telegraph's - Advantage 2017. ,neutral
Amit Roy on tour in ,neutral
Bengal tops again --in of women and children. ,neutral
India's action against charity trigger spat with administration. ,neutral
In Assam,neutral
 militants opt for poaching to fund outfit. ,neutral
South Korea's Constitutional Court upholds President Park's impeachment ,neutral
After plan to cap fees,neutral
 private put expansion on hold. ,neutral
3 publishers close suit against photocopying of ,neutral
Akhilesh keeps options open on ,neutral
Akhilesh and his 'aunt',neutral
 publishers lose to photocopiers,neutral
 Bengal bill scares pervert schools,neutral
 and more. Also in epaper. ,neutral
From old a street directory,neutral
 and shopping directory,neutral
 rolled into one. ,neutral
What got when it bred local pig with variety. ,neutral
FLASH - Ghouse Mohammad Khan,neutral
 mastermind of module of arrested by police in  ,neutral
puts forth searching questions to liquor baron on the disclosure of his assets to the court.,neutral
Supreme Court rejects age plea to skip jail. ,neutral
NIA to take over encounter,neutral
 MP cases: Rajnath. ,neutral
Fresh FIR filed by JNU alleging misbehaviour by students. Students  accused of assault,neutral
 earlier,neutral
 have been summoned by,neutral
Jammu and Kashmir: 2-3 terrorists holed up in house,neutral
 firing underway,neutral
Re-polling underway in 8 assembly constituencies which went to polls in 1st phase on March for ,neutral
What Meghalaya got when it bred local pig with variety. ,neutral
In racketeers backed by politicians prevent legal by govt licensees. ,neutral
Rural planned in to counter azadi call.  ,neutral
India to tap for ,neutral
Supreme Court caution on not for stealing saris,neutral
 please! ,neutral
IS terrorist in Lucknow: to make statement in on UP,neutral
 MP incidents ,neutral
Amit Roy on how Maneck Dalal launched International. ,neutral
Indian medical body moots for handling after successful trials in Tamil Nadu. ,neutral
Record haul of booze,neutral
 drugs during despite ,neutral
Suspect in attack nabbed in ,neutral
Did police jump the gun in claiming hand in train blast? ,neutral
2nd phase begins; CM Okram Ibobi casts his vote,neutral
ABP NEWS EXCLUSIVE: Arms,neutral
 ammunition and explosive material recovered after Lucknow operation ends VIDEO:,neutral
Some Indian politicians still need this lucky charm -- a campaign bus. ,neutral
It was a captain's knock,neutral
 off the turf too,neutral
 says ,neutral
EDITORIAL: Why mayor cannot be trusted with the ,neutral
India could gain from a partnership with in the says KP Nayar. ,neutral
Polling underway in 40 Assembly seats spread across 7 districts in seventh and final phase of ,neutral
Anti-terror operation in Lucknow's outskirts ends,neutral
 1 terrorist killed; reports of to  terrorists holed up false: ADG ,neutral
Indian wants police cover,neutral
 citing outsider inflow  open campus. ,neutral
Rahul says afraid,neutral
 wants CISF presence,neutral
 life term for Prof Saibaba. And more. In epaper. ,neutral
No one to be deprived of benefits for lack of benefits to continue with alternate means of identification: ,neutral
It was a new mother who challenged change in date for exchanging notes. ,neutral
After Sept18 terror attack,neutral
 army blocks key highway. And civilians are suffering. ,neutral
1 rupee increase in mocks dignified-living plea,neutral
 says ,neutral
As is destroyed,neutral
 govt sparks traffic chaos with plans for grand gate in ,neutral
Ruchir Joshi on how Calcutta's is being destroyed as vandals decide the future. ,neutral
Bengal law that singles out may keep out investors -- and critical cases. ,neutral
Jitters for pervert healthcare in Bengal,neutral
 city of no palaces,neutral
 a Dhoni fan's tenacity,neutral
 and more. Also in epaper. ,neutral
What meant by 'potato factory' is thriving reality for Bengal farmers in chain. ,neutral
Court asks for report on fracas,neutral
 but puts question mark on video. ,neutral
Former president renders unqualified and unconditional apology in the Supreme Court.,neutral
Supreme Court wants to know if exchange of notes has been stopped before March 31 deadline. ,neutral
case: exempts Centre from filing status report before it on proceedings before the international tribunal.,neutral
Supreme Court is told that people not being allowed to deposit notes till Mar31 as promised,neutral
 asks govt,neutral
 to explain.,neutral
How notes are entering system via Calcutta business district. ,neutral
This team has come up with a that has minimal side-effects. ,neutral
The process of social change is seldom linear or pretty,neutral
 says Manini Chatterjee. ,neutral
In unofficial ban on dubbed movies is challenged by  ,neutral
No food for dissent in this tradition of ,neutral
After violence,neutral
 space for debate and dissent continues to shrink. ,neutral
Another 'go-back' shooting in US,neutral
 academic siege,neutral
 a menu for judges,neutral
 and more. Also in epaper. ,neutral
Policeman,neutral
 two militants killed in encounter in that lasted nearly 12 hours.,neutral
If it's spring,neutral
 it must be a varsity ,neutral
My story on a 100-yr-old treasure from streetsmart Bengal (,neutral
I married a Maoist by Swati Sengupta ,neutral
If you don't actually live then honesty and integrity won't be embraced,neutral
 tells ,neutral
Why you could meet a saltwater next time you are in the ,neutral
An old street directory of had astounding detailing. ,neutral
The rallying cry of has become a thing to behold and celebrate this season. ,neutral
How Prime Minister made himself the man to beat in ,neutral
In 7Days: on rallying cry of students,neutral
 from Varanasi,neutral
 crocs in and more. ,neutral
Mukul Kesavan on what the attack on means. ,neutral
Flames of singe events at other colleges. ,neutral
While Rahul and Modi trade barbs in UP,neutral
 some farmers in get lucky with ,neutral
leftist who became minority voice ,neutral
Private fear plan to monitor functioning will give local leaders a death grip. ,neutral
Why govt decided to merge industries departments. ,neutral
How Centre hiked for jobs scheme by... a (and what you can do with a rupee). ,neutral
Trump administration resists economics of and visas for Indian companies. ,neutral
US visa worries,neutral
 Bengal private schools in a fix,neutral
 focus on MSME,neutral
 a wage hike,neutral
 and more. Also in epaper. ,neutral
Punjab,neutral
 JK to resume work on on system river. ,neutral
69% polling till 1pm in ,neutral
3 gardens make a mark at US meet.  ,neutral
Govt's latest: no then no for school kids. ,neutral
After 23 years,neutral
 increase ordered in  for workers. ,neutral
Caution on site inroads for mayor (who is also minister of housing and environment.) ,neutral
Fear of law's provisions may force in private to shun critical cases. ,neutral
A  perspective on strife. ,neutral
Why Karnataka body decided to boycott awards function. ,neutral
After break with Russia,neutral
 opens entertainment TV market to ,neutral
Top bureaucrat is innocent,neutral
 being framed by politicians,neutral
 IAS officers insist. ,neutral
After law to check private hospitals,neutral
 takes aol instant messanger at ,neutral
Supreme Court gives govt a chance to oppose judge appointment on 'national security'. ,neutral
China cautions over visit to Arunachal Pradesh. ,neutral
Tension over visit,neutral
 pill for schools,neutral
 SC collegium accepts govt thorn,neutral
 and more. Also in epaper. ,neutral
What happened when security agencies argued over need for tagging ,neutral
Fears over plan to set rates for ,neutral
Blasts at office in ,neutral
 to  injured ,neutral
After fracas over overbilling,neutral
 Bengal drafts Bill to check bills. ,neutral
There should be no room for in India for  Indian,neutral
 says President Mukherjee. ,neutral
Notes for Indian,neutral
 muddle,neutral
 controlling and more. Also in epaper. ,neutral
4/The pilot project for Green Transportation across National Capital Region is the next such service being introduced on,neutral
Rare species says hello after a century. ,neutral
Top to make you pay for cash transactions at branches. ,neutral
How Bengal detectives had to get religious to nab leader accused of ,neutral
Having pulled up for negligence  Bengal CM orders party not to meddle. ,neutral
If development means filling up it also means death of ,neutral
Rock fossils in have clue to on Earth. ,neutral
India would do well to abolish the says ,neutral
Junior home minister admits he made comments on without having seen her video. ,neutral
How govt made look benign: use revised (and lower) base for comparison. ,neutral
Hole's in armour,neutral
 a key minister who comments freely,neutral
 Modi's bug,neutral
 and more. Also in epaper ,neutral
Jaitley says likely to pick up further in coming quarters. ,neutral
FM Jaitley says Q3 data substantially impacted by economy's resilience  remonetisation helped.,neutral
A blaze puts the spotlight on grand pieces of history that lurk in lanes. ,neutral
Kanwal Sibal on why could be a victim of disruptive thinking. ,neutral
The effect: a batsman gets booed for scoring a century. ,neutral
Gunbattle that felled father. ,neutral
Defensive cries media trial. ,neutral
Delhi worried over silence of on  ,neutral
In midst of an incendiary wish from ,neutral
What teachers at said about her stand. ,neutral
Mystery over effect in data. ,neutral
Mystery over data,neutral
 teachers back worry over silence,neutral
 and more. Also in epaper. ,neutral
GDP grew at 7% in quarter,neutral
 full year projected at 7.1%. ,neutral
BREAKING: Government forecasts 2016/17 growth at 7.1 percent ,neutral
BREAKING: Indias December quarter GDP at 7 percent (Reuters forecast was 6.4 percent) ,neutral
Growth of 8 core sector slows to 3.4 pc in January compared to 5.7 pc in the year-ago month.,neutral
Ashok V Desai on formula for tackling of banks. ,neutral
CRPF getting to take on planted by ,neutral
A 'nationalist' cub threatens to cut off finger of ,neutral
On courage,neutral
 and cowardice; season of buds and thorns,neutral
 and more. Also in epaper. ,neutral
57.36% turnout in fifth phase of voting ends by  large peacefully in 51 assembly seats: UP CEO T Venkatesh,neutral
arrests woman director of a Hong Kong-based firm in a Rs 1478 crore case registered post ,neutral
ABVP takes out Tricolour march with 180ft long flag from Ramjas,neutral
 principal Rajendra Prasad says his heart bleeds over v,neutral
begins in 51 Assembly constituencies spread across 11 districts. All eyes on ,neutral
JP Yadav on rebranding of ,neutral
Backlash after hails as a 'true patriot'. ,neutral
KP Nayar on what Governors of US states had to say about ,neutral
Message from Governors of US states,neutral
 Modi criticised,neutral
 why STEM is important,neutral
 and more. Also in epaper. ,neutral
The 'control' part in has to go,neutral
 says ,neutral
How offered to help of ,neutral
How the formidable Madame of Calcutta's runs her business. ,neutral
Pushing 86,neutral
 physicist still has his table full,neutral
 says Prasun Chaudhuri. ,neutral
Resistance to in Trumpland is nothing citizenry can yet match. ,neutral
How is pushing his team to use twitter as a tool. ,neutral
In 7Days: Modi's rule by twitter,neutral
 Big Boss of Calcutta's and science of giving,neutral
 and more. ,neutral
Bihar CM cites siltation threat of barrages on National Waterway. ,neutral
It was the day of left-arm turners,neutral
 and took aol instant messanger at money in and more. ,neutral
How is playing in DU colleges. ,neutral
A question for America,neutral
 Big Brother at academia,neutral
 day,neutral
 and more. Also in epaper. ,neutral
Suspect in 2002 attack case in Calcutta arrested in Gaya: Bihar Police.,neutral
Today: Congress VP to address rallies in Gonda,neutral
 Sultanpur  Bahraich,neutral
Today: PM to address a rally in Imphal,neutral
American does not consider himself a hero. ,neutral
If you live only for money,neutral
 then that's no living at all,neutral
 tells ,neutral
Dreams of one are still alive,neutral
 finds Sunanda K Datta-Ray. ,neutral
After DU push,neutral
 tests autonomy waters. ,neutral
How techie was killed --and an American took bullets aimed at another. ,neutral
Indian techie shot in US,neutral
 call for affordable dialysis,neutral
 Stephen's tests autonomy,neutral
 and more. Also in epaper. ,neutral
Bihar exam body's boss,neutral
 nephews held in question-paper scam. ,neutral
In Maharashtra,neutral
 savours civic win and Congress loss. ,neutral
Twist in case,neutral
 angst of authors,neutral
 BJP flies on wings,neutral
 and more. Also in epaper. ,neutral
results LIVE: leads with 93 seats in offers resignation ,neutral
AAP govt moves SC for setting up 5-judge constitution bench to decide the appeal on HC verdict holding LG as Delhi's administ,neutral
12-15% turnout till 10 AM in phase-IV.,neutral
Telecom operator will acquire the business of Telenor India in all seven circles where it holds spectrum.,neutral
A statement on the terrorist initiated incident at Shopian,neutral
 JK is attached ,neutral
Militant attack in Kashmir's Shopian district,neutral
 6 injured ,neutral
civic poll counting to begin at 10 am today; all eyes on result ,neutral
Sekhar Raha on letting go of the past,neutral
 and why a nation at 70 must begin a new life. ,neutral
Soumitra Das listens to  kirtans   asks why should be set by rules. ,neutral
Swapan Dasgupta on why must assess on the basis of national self-interest. ,neutral
Citizens petition govt to make nursing homes come clean on ,neutral
UGC proposes 20% pay hike for college teachers. ,neutral
Guess what happened after said he is 'adopted son' of ,neutral
Hit by splurge  freebies,neutral
 founders admit GMV is vanity,neutral
 profit is sanity. ,neutral
Modi as adopted son,neutral
 snaps,neutral
 check on hospitals,neutral
 pay hike plan,neutral
 and more. Also in epaper. ,neutral
Standoff with Left as ABVP blocks entrance of Maurice Nagar PS. Stones eggs shoes thrown from PS side. Many hurt ,neutral
Pitched battles in progress in DU as ABVP disrupts Ramjas march to Maurice Nagar PS ,neutral
Economic blockade won't impact process,neutral
 all arrangements made to ensure free  fair election: CEC (F,neutral
DU's Ramjas College cancels event after protests against invite for speakers. ,neutral
7 new species of found in And some are ,neutral
In govt sets menu item limit on wedding ,neutral
India pushes universities to accept 3yr graduates for courses. ,neutral
India invokes emergency clause to end in pricing. ,neutral
Reliance's promises free voice calls  roaming for 1 year... and with cheap ,neutral
KP Nayar on how tensions have crept into ties over ,neutral
After being at receiving end,neutral
 crowns India's ,neutral
extends offer in mobile battle,neutral
 finds Indian Trump,neutral
 a troubled life ends and more. Also in epaper. ,neutral
writes to TN Assembly Secretary for no-confidence motion against Speaker Dhanapal.,neutral
BMC,neutral
 9 other civic bodies in state to go to polls on Tuesday ,neutral
General known for sharp questions will be Trump's new top security adviser ,neutral
Garg rapped for post ,neutral
Experts say wrong in blaming on Ganga for siltation. ,neutral
Even at $2.17m,neutral
 was within budget,neutral
 Sanjiv Goenka tells ,neutral
Won't allow barrages on in name of says ,neutral
Amit Roy on why and are looking for campus abroad. ,neutral
After graveyard barb,neutral
 hits at advertisement. ,neutral
Asses star in battle,neutral
 fest sans Pak voice,neutral
 beyond Brexit,neutral
 and more. Also in epaper. ,neutral
registers case against meat exporter in a graft case; names its former chief AP Singh also.,neutral
Governor asks Shurhozelie Liezitsu to form government; swearing-in on Feb22.,neutral
Surit Doss on what you should do if you forget dynamic of your mobile ,neutral
Dr Kunal Sarkar on how cartels have been ripping off patients in ,neutral
Tapping self-help group,neutral
 harvests 1st crop of ,neutral
At Eaglenest sanctuary,neutral
 could dethrone as top draw. ,neutral
Bihar extension impacts privacy rights,neutral
 says ,neutral
Lessons for from school. ,neutral
EXCLUSIVE JNU FIR marks AISA leadership,neutral
 serious charges absent in varsity press releases appear in plaint htt,neutral
Manini Chatterjee on why has failed to live up to its promise. ,neutral
Bengal orphanage suspected of selling babies to couples from US,neutral
 Europe.  ,neutral
Top officer speaks up against how innocent are victims suffer. ,neutral
IPS officer on frame-up,neutral
 Modi's call for orphans trafficked,neutral
 and more. Also in epaper. ,neutral
Goenka's surprise:Smith to lead Pune ,neutral
Palaniswami's victory (and how the dhoti survived),neutral
 studies sprout,neutral
 and more. Also in epaper. ,neutral
Murali's initiative goes to Jaffna ,neutral
Prasun Chaudhuri on the (dying?) art of carving from ,neutral
Imagine paying a of Rs500 -- in 1863. ,neutral
Polling underway in 69 Assembly seats spread across 12 districts in phase-III of ,neutral
Malik Sajad,neutral
 artist of the line of no control. ,neutral
Sonia Sarkar on how nationalist studies are sprouting across campuses. ,neutral
Importance of fastening with waistband revealed as wins trust vote. ,neutral
When it comes to prey,neutral
 in India's protected forests have it all planned out,neutral
 scientists find. ,neutral
In this part of UP,neutral
 it is versus ,neutral
FLASH: After Supreme Court's order,neutral
 FIR registered against UP minister over gang rape  sexual harassment,neutral
How won the trust vote 122-11. ,neutral
Edappadi wins vote of confidence in by 122 votes for,neutral
 11 against. Earlier: ,neutral
Palaniswami wins trust vote in with 122 MLAs voting for his govt after a chaotic day. Earlier; ,neutral
Chaos in over call for secret vote. ,neutral
Opposition creates ruckus in over trust vote,neutral
 House adjourned till 3pm.,neutral
LIVE: Ruckus in assembly over 'secret ballot' demand,neutral
 MLA sits on speak's chair in angst ,neutral
Why can't risk the slightest smile today. ,neutral
Ram Guha on how money and criminals got into in India. ,neutral
Delhi airport drops after glitches,neutral
 big fail. ,neutral
Legal eagles back call for probing suicide note. ,neutral
Delhi high court orders cop shield for willing drivers; tells strikers to deal with companies. ,neutral
India still keen to buy Westinghouse reactors despite Toshiba meltdown ,neutral
Members from camp meet Assembly Speaker P Dhanapal,neutral
 a day ahead of confidence vote.,neutral
Idea itself wrong,neutral
 says  on ,neutral
RBI chief sees V for growth rate. ,neutral
Fake Exit Poll results are being circulated using ABP News' brand name. We want to clarify that we haven't aired any exit piss off,neutral
Samsung chief Lee arrested as South Korean corruption probe deepens ,neutral
Why may find it tough to control govt from jail. ,neutral
JP Yadav finds an us-versus-them undercurrent in  ,neutral
India's foreign secretary to visit next week for 'frank' talks.   ,neutral
KP Nayar on how party revolt knocked out nominee for labour secretary post. ,neutral
Floor test for on Saturday. ,neutral
Idea itself wrong,neutral
 says  on ,neutral
Bajaj calls bad idea,neutral
 Palani in court rules on and more. Also in epaper. ,neutral
sworn-in as Chief Minister of ,neutral
JNU VC clarifies: UGC gazette wont be applied retrospectively. Existing MPhil students will be admitted to PhD under goodbye,neutral
31-member cabinet to be sworn-in at 4.30pm: Raj Bhavan. ,neutral
5-judge constitution bench to sit in May to decide on pleas relating to aspects of triple 2/2,neutral
SC to frame issues on Mar30 regarding triple nikah halala and in for its consideration.1/2 ,neutral
We're no less than cricketers,neutral
 we're also making centuries,neutral
 says isro official M Annadurai ,neutral
Nadu Governor invites Edappadi K to form government at the earliest.,neutral
Premier Calcutta ransacked over death,neutral
  has it all,neutral
 but no arrests yet. ,neutral
The latest lacked an economic philosophy,neutral
 says SL Rao. ,neutral
Dipankar Dasgupta on and pitfalls of ,neutral
India mulls auditor to check misuse of ,neutral
Now bureaucrats face action for drinking alcohol -- anywhere in the world. ,neutral
What 'slaps' on memorial mean. ,neutral
Before going back back to jail,neutral
 instals nephew as proxy in ,neutral
How fielded nephew,neutral
 does a Virat Kohli,neutral
 beyond Bihar border,neutral
 and more. Also in epaper. ,neutral
Cabinet approves merger of five subsidiaries of State Bank of India with the state-owned lender: Finance Minister Arun Jaitle,neutral
Foreign tourists with e-visas to get free cards on arrival.,neutral
Turnout till 5 pm 68 per cent,neutral
 says ,neutral
India's Jan 2017 rise 4.32% to $22.11bn -- but imports up 10.70%,neutral
 widening trade deficit to $9.84bn.,neutral
Urban growth threatens kidneys -- that are world's largest waste recycling system. ,neutral
KP Nayar on why exit could be bad for India. ,neutral
Stirrings of Cold War,neutral
 scenes from drama,neutral
 India's air pollution,neutral
 and more. Also in epaper. ,neutral
Who is E From local functionary to Legislature Party Leader ,neutral
LIVE: Police given direction to evacuate MLAs from Kuvathur,neutral
 DGP likely to take final call. ,neutral
meeting with Governor ends. He stakes claim to form government: JAYA TV. ,neutral
Kim Jong Nam,neutral
 estranged half-brother of leader Kim Jong Un,neutral
 killed in airport by to  women with poisoned needles.,neutral
takes off for aerobatic display at inaugural ,neutral
Centre allows to prosecute former Principal Secretary of Delhi chief minister Arvind Kejriwal,neutral
 in a graft case,neutral
BJP urges Governor Vidyasagar Rao to take a decision on basis of numbers as well as credibility. ,neutral
Governor Vidayasagar Rao to meet new Legislature Party leader Edappadi K Palaniswami and others at 5.40pm.,neutral
India caps prices -- Rs7,neutral
260 for bare metal  Rs29,neutral
600 for drug eluting-- in crackdown on wild markups. ,neutral
Sasikala expels scores of rebels including minister K Pandiarajan and senior leader C Ponnaiyan from ,neutral
AIADMK expels after Supreme Court ruling knocks out of CM race. ,neutral
AIADMK expels after Supreme Court ruling knocks out of CM race. ,neutral
Supreme Court restores Bangalore trial court verdict holding and others in corruption case.,neutral
BREAKING: Supreme Court convicts in disproportionate assets case ,neutral
Mettur legislator Semmalai joins CM camp.,neutral
Trump national security adviser Flynn resigns in controversy over Russian contacts ,neutral
Mayawati plays divide-and-woo on home turf. UPElections ,neutral
Why you could miss your flight out of Bangalore ,neutral
Ashok Desai on as an accidental and a new book by Tirthankar Roy and Anand V. Swamy. ,neutral
By noon,neutral
 Supreme Court will have decided future of and her rival ,neutral
How Patna boy got to play the tabla. ,neutral
Tehmina Janjua to be 1st woman foreign secretary. ,neutral
Tamil Nadu waits,neutral
 Indian heft for Pope,neutral
 Modi in UP,neutral
 Pakistan's 1st woman foreign secy,neutral
 and more. Also in epaper. ,neutral
eases to 3.17 per cent in January from 3.41 per cent in December.,neutral
7-judge SC bench to hear plea of Madras HC against Justice order staying his own transfer. Earlier: ,neutral
Justice fails to appear before apex court to face contempt charges. ,neutral
Non-teaching staff call for end to JNU stir,neutral
 VC says law will take its course if occupation of AdBlock doesnt end despi,neutral
Calcutta HC judge C S Karnan fails to appear in SC in connection with suo motu contempt proceedings.,neutral
BJP worker stabbed to death during local temple festivities at Mukkattukara in Kerala's district,neutral
likely to hear PIL against swearing-in today ,neutral
Delhi to airlift to if blockade is not lifted. ,neutral
Use to track for preventing track deaths,neutral
 tells state. ,neutral
Bonhomie between and strikes a chord on the ground. ,neutral
India's to spike 3 initiatives for ,neutral
Amit Roy on the clash between and ,neutral
Some of its men have friends across border,neutral
 says. ,neutral
As races hots up,neutral
 plays woman wronged. ,neutral
Britain is not becoming xenophobic or hostile,neutral
 high commissioner Dominic Asquith insists. ,neutral
Scientists in Calcutta are tracing the building blocks of in space,neutral
 says Prasun Chaudhuri. ,neutral
Lost passwords,neutral
 trouble with Google Play and more. In ,neutral
Moral outrage cannot be the guide when things get messy,neutral
 says Manini Chatterjee. ,neutral
Almost overnight,neutral
 has become a crowd-puller. ,neutral
Crowds flock to Rowling-Morgan clash,neutral
 cash-swap case,neutral
 and more. Also in epaper. ,neutral
Chidambaram on being in the Opposition,neutral
 Jaitley as a finance minister,neutral
 and more.  ,neutral
In 7 Days: Assam vies for taste buds,neutral
 is grilled,neutral
 and more. ,neutral
Comparing 2015 with 2017. ,neutral
How has graduated from a captain into being a ,neutral
Mukul Kesavan on the state of the Fourth Estate. ,neutral
In TN,neutral
 is running out of patience,neutral
 a governor's letter is leaked,neutral
 gets the crowds. ,neutral
After a a question: were banking correspondents coerced into switching old notes? ,neutral
Death by currency,neutral
 patience,neutral
 boss is shunted,neutral
 and more. Also in epaper. ,neutral
Another MP joins camp,neutral
 as frets and waits for governor's call. ,neutral
Minister,neutral
 to  MPs join camp; frets and tends to flock.,neutral
63% voter turnout in phase 1 of ,neutral
Veteran leader and party spokesperson joins camp.,neutral
Sasikala seeks meeting with Governor,neutral
 3 switch to Selvam's side. ,neutral
Hundreds of immigrants arrested in 'routine' U.S. enforcement surge ,neutral
In today,neutral
 greatness means winning the says Sunanda K DattaRay. ,neutral
1st phase of assembly elections begins. 73 constituencies,neutral
 over 20 million voters.,neutral
polls 2017: Polling for first phase begins,neutral
 appeals people to vote ,neutral
This resort is hosting 120-odd lawmakers now in camp. ,neutral
This survivor of riots has a simple message for voters. ,neutral
France's group buys brand from Birlas. ,neutral
Mamata's dole,neutral
 theatre,neutral
 a riot refugee's resolve and more. Also in epaper. ,neutral
50k dole in budget for migrant workers hit by ,neutral
India's Industrial production contracts 0.4% in Dec 2016 against a decline of 0.9% in Dec 2015. ,neutral
Court directs BSF to allow trooper Tej Bahadur's wife to meet him,neutral
Passenger opens an chute of aircraft that was  taxiing at Mumbai airport; 1 injured.,neutral
Former minister KA Senkottaiyan replaces Madusudanan as Presidium Chairman,neutral
Govt appoints directors of ten Indian Institutes of Management. ,neutral
State Bank of India Q3 profit more than doubles to Rs 2,neutral
610 crore as against Rs 1,neutral
115 crore in the same period a year ago. ,neutral
In setback for Trump,neutral
 U.S. judges reject travel ban ,neutral
In a bahu makes a demand. ,neutral
How shattered Firozabad's industry. ,neutral
Mom who lost teen kids in fire same%2c old%2c boring shit as are let off lightly,neutral
 again. ,neutral
In lawmakers jump ship,neutral
 a memorial gets a list,neutral
 a governor ponders. ,neutral
All eyes on a governor,neutral
 note crunch and glass-bangles,neutral
  Ansals let off lightly (again),neutral
 and more. Also in epaper. ,neutral
gen secy calls on Governor Ch Vidyasagar Rao,neutral
 stakes claim to form government in Tamil Nadu,neutral
VK pays homage at Jaya's memorial; places a sealed cover,neutral
 presumably MLAs' support list,neutral
 at the memorial. ,neutral
'Good things will happen,neutral
' says TN CM after meeting Governor Ch Vidyasagar Rao.,neutral
Held detailed discussions with Governor on what is happening in Tamil Nadu,neutral
 says ,neutral
Cong to boycott PM in Parliament over raincoat remark; will coordinate with other parties,neutral
 says ,neutral
Opposition disrupts with demand for apology from ,neutral
WATCH Top 10 news of the day VIDEO: ,neutral
After patience,neutral
 a test of politics. ,neutral
Enough! says Supreme Court and ends 38yr legal battle over project.  ,neutral
In Tamil Nadu,neutral
 has the numbers,neutral
 claims he has the masses. Who decides? ,neutral
Match versus gut feeling in Modi's dig at Supreme Court acts on And more. Also in epaper. ,neutral
changes stance from accommodative to neutral.,neutral
keeps key unchanged-- repo at 6.25%,neutral
 marginal standing facility and Bank Rate at 6.75%.,neutral
Supreme Court asks Justice Karnan to explain why he should not face proceedings. ,neutral
Will return to lake next winter? ,neutral
With Jatavs as base and pitch for Muslims,neutral
 BSP's is keeping her rivals edgy.  ,neutral
On heartland lab. ,neutral
CRPF's commandos return to their unit. ,neutral
How scientists saved orbiter from death by eclipse. ,neutral
KP Nayar on how the engagement between and the Gulf has deepened.   ,neutral
3 Ds -- (doctor),neutral
 dog and drinks -- stood out in PM reply in Parliament. ,neutral
Suddenly,neutral
 a mutiny: It's versus Sasikala. ,neutral
The Telegraph published today an article entitled French envoy bets on former colony - Bonjour,neutral
 new era of amity : h,neutral
Bengal's Advocate-General Jayanta Mitra resigns over difference of opinion with state government.,neutral
Enforcement Directorate Chief Karnal Singh gets a fixed tenure of to  years.,neutral
Why commandos went ,neutral
When commandos get homesick,neutral
 Jewish Nobel for Little stars,neutral
 and more. Also in epaper. ,neutral
PIL filed in seeking to restrain swearing-in of as chief minister tomorrow. ,neutral
Facebook,neutral
 Google,neutral
 others launch drive against fake news in France ,neutral
Supreme Court orders attachment of Rs 39,neutral
000 crore property in Pune.,neutral
Supreme Court grants bail to scam accused estranged wife of former Union minister Matang Sinh.,neutral
How to shield your child from and  ,neutral
Javadekar backs restrictive research entry,neutral
 student stir to intensify- strike today ,neutral
Indian hold promise in battle against ,neutral
The may be changing its attitude to coalition partners,neutral
 says Manini Chatterjee. ,neutral
What powers drive to become chief minister. ,neutral
Review shows up holes in India's govt-funded ,neutral
Now gets license to raid -- without citing grounds. ,neutral
Shades of in law change,neutral
 rises,neutral
 holes in govt health cover,neutral
 and more. Also in epaper. ,neutral
New experiences and exciting times ahead in second innings ,neutral
Mukul Kesavan on who ought to (and not who will) win in ,neutral
Sachin Tendulkar on his 2nd innings,neutral
 the 3 Ds that lead to greatness,neutral
 and more. ,neutral
The nachnis of are dying unsung,neutral
 and so is an art form. ,neutral
Irfan Habib on seeing the past with both eyes on the present,neutral
 and mixing folklore with history.   ,neutral
Sonia Sarkar on the jig-gigs that were a key tool in run up to ,neutral
Why Calcutta's are learning... Chinese.  ,neutral
All that voters in these villages want is a permanent With India. ,neutral
In 7 Days: What Calcutta's are learning,neutral
 nachnis of fighting for rights in and more. ,neutral
A village cries for a bridge,neutral
 Mukul Kesavan on 3 Ds,neutral
 and more. Also in epaper. ,neutral
Judge blocks Trump's ban --effective nationwide ,neutral
Promised  denied helicopter,neutral
 soldier trekked through snow to take his mother's body home. ,neutral
Australia,neutral
 US clash over immigration; puts India on hold. ,neutral
A soldier's painful journey,neutral
 bonds for political funding,neutral
 Trump on immigration,neutral
 and more. Also in epaper. ,neutral
follow us to DM/ mail to ttwebonlinefeed release to any of 3 aggregators on our site under press releases,neutral
Rich get skewered,neutral
 honesty hug for bottom rung -- while mystery persists over missing taxpayers. ,neutral
Relief on front for small firms hit by ,neutral
Ahead of elections,neutral
 finds nothing in to sell to voters. ,neutral
So you thought the has made transparent? ,neutral
There was more history around the than in it,neutral
 says ,neutral
DeMitronisation in relief for small firms,neutral
 no honesty hug for well-heeled,neutral
 and more. Also in the epaper. ,neutral
Double digit has been controlled; sluggish growth replaced by high growth; war on launched: ,neutral
We have moved from discretionary based administration to policy based administration: ,neutral
Watch the Live Stream of FM Shri Budget Speech 2017-18 on the link below ,neutral
PM reaches Parliament,neutral
 cabinet meeting begins. ,neutral
FM departing from North Block to and Parliament House,neutral
 to present ,neutral
Indian govt draws goat parallel in case. ,neutral
BREAKING: to go ahead as scheduled,neutral
 say sources,neutral
not clear right now. Speaker to decide....,neutral
How Calcutta's menace was born -- and is eating up all pavements and footpaths. ,neutral
Why grabbing footpaths is good business for everyone (except pedestrians).  ,neutral
Will strike at decodes draft order.  ,neutral
For the 1st time,neutral
 Union will include railway budget. Today,neutral
 at 11am. ,neutral
Confusion after replies to CEO. ,neutral
Due to sudden drop in visibility at BLR,neutral
 our to  fro flights are affected. As a result consequential delays are expected.,neutral
WATCH Union Budget 2017 LIVE on ABP News 11:00 AM onwards ,neutral
Trump picks 49yr-old judge for lifetime job at Supreme Court of US. ,neutral
In BJP could face backlash. ,neutral
Govt admits economy will take a hit because of ,neutral
US gives a scare,neutral
 how to  law officers did their job,neutral
 confessions,neutral
 and more. Also in epaper. ,neutral
US gives a scare,neutral
 how to  law officers did their job,neutral
 confessions,neutral
 and more. Also in epaper. ,neutral
Full expected in a month or two: Arvind Subramanian.,neutral
Headline inflation as measured by Consumer Price Index (CPI) remained under control for the third successive financial year:,neutral
Agriculture sector to grow at 4.1 per cent in the current year up from 1.2 per cent in 2015-16: ,neutral
Growth rate of the industrial sector estimated to moderate to 5.2% in 2016-17 from 7.4% in 2015-16: ,neutral
India's growth rate at constant market prices for 2016-17 seen at 7.1% ,neutral
Finance Minister Arun Jaitley tables in Lok Sabha,neutral
LIVE Pranab Mukherjee to address Parliament at 11am ,neutral
Country's first conviction: Minister sentenced to 7 years rigorous imprisonment. ,neutral
Economic Survey is to be tabled in the Parliament shortly. Know your Economic Survey: ,neutral
Sibal and Datar spike BCCI wish ,neutral
President Trump fires top government lawyer Sally Yates for defiance on immigration order ,neutral
FM to table today in ,neutral
Trump's order has parallel in citizenship bill. ,neutral
Prabhat Patnaik on why has been a monumental ,neutral
Why farmers are dumping crop. ,neutral
Supreme Court ropes in former top auditor to run ,neutral
Why no one suggested names of and for ICC meeting. ,neutral
Pakistan under pressure from ban,neutral
 auditors at helm,neutral
 Madam and more. Also in epaper. ,neutral
Limits on Cash withdrawals from Bank accounts and ATMs - Restoration of status quo ante,neutral
After outcry,neutral
 U.S. loosens curb on re-entry by green card holders ,neutral
Five soldiers from Machhil attain martyrdom; Detailed statement attached ,neutral
dept crackdown on hoarders; issues 87 notices,neutral
 attaches 42 assets worth crores under the new ,neutral
Payments Bank to offer 4.5% on deposits up to Rs25000,neutral
 5% on Rs 25000-50000,neutral
 5.5% on Rs 50000-100000.,neutral
Supreme Court shoots down govt bid to put sports ministry bureaucrat in panel to run ,neutral
Historian Ram Guha,neutral
 IDFC official Vikram Limaye,neutral
 former captain Diana Edulji are others in panel to run ,neutral
Supreme Court names former CAG as head of 4-member panel of administrators to run 1/3,neutral
Court summons CM suspended BJP MP as accused in criminal defamation plea by  ,neutral
Amulya Patnaik has been appointed new Delhi police commissioner. Patnaik is a 1985 AGMUT cadre IPS officer.,neutral
